"id","title","short_title","api_uri","first_name","middle_name","last_name","date_of_birth","gender","party","twitter_account","youtube_account","govtrack_id","cspan_id","icpsr_id","google_entity_id","fec_candidate_id","url","in_office","seniority","next_election","total_votes","missed_votes","total_present","last_updated","ocd_id","state","senate_class","state_rank","lis_id","missed_votes_pct","votes_with_party_pct","votes_against_party_pct","facebook_account","votesmart_id","crp_id","rss_url","suffix"
"A000069","Senator, 1st Class","Sen.","https://api.propublica.org/congress/v1/members/A000069.json","Daniel","K.","Akaka","1924-09-11","M","D","SenatorAkaka","senatorakaka","300001","8704","14400","/m/01rbrq","","",false,"19","2012",696,1,0,"2019-10-07 08:26:42 -0400","ocd-division/country:us/state:hi","HI","1","","S213",0.14,97.11,2.89,,,,,
"A000360","Senator, 2nd Class","Sen.","https://api.propublica.org/congress/v1/members/A000360.json","Lamar",,"Alexander","1940-07-03","M","R","SenAlexander","lamaralexander","300002","5","40304","/m/01rbs3","","https://www.alexander.senate.gov/public",false,"7","2014",696,10,0,"2019-10-07 08:26:42 -0400","ocd-division/country:us/state:tn","TN","2","","S289",1.44,84.34,15.66,"senatorlamaralexander","15691","N00009888","https://www.alexander.senate.gov/public/?a=RSS.Feed",
"B001261","Senator, 1st Class","Sen.","https://api.propublica.org/congress/v1/members/B001261.json","John",,"Barrasso","1952-07-21","M","R","SenJohnBarrasso","barrassowyo","412251","1024777","40707","/m/02rsm32","","https://www.barrasso.senate.gov",false,"3","2012",696,0,0,"2019-10-07 08:26:42 -0400","ocd-division/country:us/state:wy","WY","1","","S317",0,95.19,4.81,"johnbarrasso","52662","N00006236","https://www.barrasso.senate.gov/public/?a=rss.feed",
"B000243","Senator, 2nd Class","Sen.","https://api.propublica.org/congress/v1/members/B000243.json","Max",,"Baucus","1941-12-11","M","D",,"SenatorBaucus","300005","1727","14203","/m/01rcm2","","http://www.baucus.senate.gov",false,"31","2014",696,5,0,"2019-10-07 08:26:42 -0400","ocd-division/country:us/state:mt","MT","2","","S127",0.72,93.45,6.55,,,,,
"B001233","Senator, 3rd Class","Sen.","https://api.propublica.org/congress/v1/members/B001233.json","Evan",,"Bayh","1955-12-26","M","D",,"SenEvanBayh","300006",,"49901","/m/01rcnr","","",false,"11","2010",696,35,0,"2019-10-07 08:26:42 -0400","ocd-division/country:us/state:in","IN","3","","S264",5.03,72.91,27.09,,,,,
"B001265","Senator, 2nd Class","Sen.","https://api.propublica.org/congress/v1/members/B001265.json","Mark",,"Begich","1962-03-30","M","D",,,"412326","1030732","40900","/m/05pqtr","","http://www.begich.senate.gov",false,"1","2014",696,21,0,"2019-10-07 08:26:42 -0400","ocd-division/country:us/state:ak","AK","2","","S319",3.02,94.04,5.96,"Begich",,,,
"B001267","Senator, 3rd Class","Sen.","https://api.propublica.org/congress/v1/members/B001267.json","Michael",,"Bennet","1964-11-28","M","D","SenBennetCo","SenatorBennet","412330","1031622","40910","/m/05b60qf","","https://www.bennet.senate.gov/public",false,"1","2010",686,0,0,"2019-10-07 08:26:42 -0400","ocd-division/country:us/state:co","CO","3","","S330",0,91.2,8.8,"senbennetco","110942","N00030608",,
"B000382","Senator, 3rd Class","Sen.","https://api.propublica.org/congress/v1/members/B000382.json","Robert","F.","Bennett","1933-09-18","M","R",,"SenatorBennett","300007","25708","49307","/m/01xtg9","","",false,"17","2010",696,58,0,"2019-10-07 08:26:42 -0400","ocd-division/country:us/state:ut","UT","3","","S231",8.33,88.45,11.55,,,,,
"B000444","Senator, 2nd Class","Sen.","https://api.propublica.org/congress/v1/members/B000444.json","Joseph","R.","Biden","1942-11-20","M","D",,,"300008","34","14101",,"","",false,"36",,5,3,0,"2019-10-07 08:26:42 -0400","ocd-division/country:us/state:de","DE","2","","S010",60,100,0,,,,,"Jr."
"B000468","Senator, 1st Class","Sen.","https://api.propublica.org/congress/v1/members/B000468.json","Jeff",,"Bingaman","1943-10-03","M","D","jeffbingaman","SenJeffBingaman","300009","590","15101","/m/01xck2","","",false,"27","2012",696,1,0,"2019-10-07 08:26:42 -0400","ocd-division/country:us/state:nm","NM","1","","S167",0.14,94.79,5.21,,,,,
"B000611","Senator, 3rd Class","Sen.","https://api.propublica.org/congress/v1/members/B000611.json","Christopher","S.","Bond","1939-03-06","M","R",,"CSBondMO","300010","2360","15500","/m/01_6h2","","",false,"23","2010",696,61,0,"2019-10-07 08:26:42 -0400","ocd-division/country:us/state:mo","MO","3","","S200",8.76,82.14,17.86,,,,,
"B000711","Senator, 3rd Class","Sen.","https://api.propublica.org/congress/v1/members/B000711.json","Barbara",,"Boxer","1940-11-11","F","D","SenatorBoxer","SenatorBoxer","300011","2470","15011","/m/01c1n5","","https://www.boxer.senate.gov",false,"17","2010",696,10,0,"2019-10-07 08:26:42 -0400","ocd-division/country:us/state:ca","CA","3","","S223",1.44,96.92,3.08,"senatorboxer",,,"https://www.boxer.senate.gov/rss/?p=release",
"B001268","Senator, 1st Class","Sen.","https://api.propublica.org/congress/v1/members/B001268.json","Scott",,"Brown","1959-09-12","M","R","USSenScottBrown",,"412384","9266532",,"/m/0bmg6w","","",false,"1","2012",279,0,0,"2019-10-07 08:26:42 -0400","ocd-division/country:us/state:ma","MA","1","","S335",0,81.52,18.48,,,,,
"B000944","Senator, 1st Class","Sen.","https://api.propublica.org/congress/v1/members/B000944.json","Sherrod",,"Brown","1952-11-09","M","D","SenSherrodBrown","SherrodBrownOhio","400050","5051","29389","/m/034s80","","https://www.brown.senate.gov",false,"3","2012",696,8,0,"2019-10-07 08:26:42 -0400","ocd-division/country:us/state:oh","OH","1","","S307",1.15,97.51,2.49,"SenatorSherrodBrown","27018","N00003535",,
"B000953","Senator, 3rd Class","Sen.","https://api.propublica.org/congress/v1/members/B000953.json","Sam",,"Brownback","1956-09-12","M","R","SenSamBrownback","SenatorSamBrownback","300013",,"29523","/m/0202ny","","",false,"15","2010",696,45,0,"2019-10-07 08:26:42 -0400","ocd-division/country:us/state:ks","KS","3","","S249",6.47,92.98,7.02,,,,,
"B001066","Senator, 3rd Class","Sen.","https://api.propublica.org/congress/v1/members/B001066.json","Jim",,"Bunning","1931-10-23","M","R",,"SenJimBunning","300014","1457","15405","/m/0lbm2","","",false,"11","2010",696,49,0,"2019-10-07 08:26:42 -0400","ocd-division/country:us/state:ky","KY","3","","S265",7.04,91.22,8.78,,,,,
"B001135","Senator, 3rd Class","Sen.","https://api.propublica.org/congress/v1/members/B001135.json","Richard","M.","Burr","1955-11-30","M","R","SenatorBurr","SenatorRichardBurr","400054","31054","29548","/m/03g_s9","","https://www.burr.senate.gov",false,"5","2010",696,18,0,"2019-10-07 08:26:42 -0400","ocd-division/country:us/state:nc","NC","3","","S300",2.59,93.88,6.12,"SenatorRichardBurr","21787","N00002221",,
"B001266","Senator, 3rd Class","Sen.","https://api.propublica.org/congress/v1/members/B001266.json","Roland","W.","Burris","1937-08-03","M","D",,,"412328","2462",,"/m/09sztf","","",false,"1","2010",644,6,0,"2019-10-07 08:26:42 -0400","ocd-division/country:us/state:il","IL","3","","S328",0.93,98.43,1.57,,,,,
"B001210","Senator, 1st Class","Sen.","https://api.propublica.org/congress/v1/members/B001210.json","Robert","C.","Byrd","1917-11-20","M","D",,,"300016",,"1366","/m/06bss","","",false,"51","2012",597,280,0,"2019-10-07 08:26:42 -0400","ocd-division/country:us/state:wv","WV","1","","S017",46.9,90.48,9.52,,,,,
"C000127","Senator, 1st Class","Sen.","https://api.propublica.org/congress/v1/members/C000127.json","Maria",,"Cantwell","1958-10-13","F","D","SenatorCantwell","SenatorCantwell","300018","26137","39310","/m/01x68t","","https://www.cantwell.senate.gov",false,"9","2012",696,4,0,"2019-10-07 08:26:42 -0400","ocd-division/country:us/state:wa","WA","1","","S275",0.57,94.04,5.96,"senatorcantwell","27122","N00007836",,
"C000141","Senator, 1st Class","Sen.","https://api.propublica.org/congress/v1/members/C000141.json","Benjamin","L.","Cardin","1943-10-05","M","D","SenatorCardin","senatorcardin","400064","4004","15408","/m/025k3k","","https://www.cardin.senate.gov",false,"3","2012",696,0,0,"2019-10-07 08:26:42 -0400","ocd-division/country:us/state:md","MD","1","","S308",0,97.98,2.02,"senatorbencardin","26888","N00001955",,
"C000174","Senator, 1st Class","Sen.","https://api.propublica.org/congress/v1/members/C000174.json","Thomas","R.","Carper","1947-01-23","M","D","SenatorCarper","senatorcarper","300019","663","15015","/m/01xw7t","","https://www.carper.senate.gov",false,"9","2012",696,6,0,"2023-01-03 08:06:28 -0500","ocd-division/country:us/state:de","DE","1","","S277",0.86,94.46,5.54,"tomcarper","22421","N00012508","https://www.carper.senate.gov/public/?a=RSS.Feed",
"C001070","Senator, 1st Class","Sen.","https://api.propublica.org/congress/v1/members/C001070.json","Bob",,"Casey","1960-04-13","M","D","SenBobCasey","SenatorBobCasey","412246","47036","40703","/m/047ymw","","https://www.casey.senate.gov",false,"3","2012",696,1,0,"2019-10-07 08:26:42 -0400","ocd-division/country:us/state:pa","PA","1","","S309",0.14,96.82,3.18,"SenatorBobCasey","2541","N00027503",,
"C000286","Senator, 2nd Class","Sen.","https://api.propublica.org/congress/v1/members/C000286.json","Saxby",,"Chambliss","1943-11-10","M","R","SaxbyChambliss","SenatorChambliss","300021","36571","29512","/m/01xcms","","http://www.chambliss.senate.gov",false,"7","2014",696,32,0,"2019-10-07 08:26:42 -0400","ocd-division/country:us/state:ga","GA","2","","S290",4.6,95.43,4.57,"SaxbyChambliss",,,,
"C001041","Senator, 1st Class","Sen.","https://api.propublica.org/congress/v1/members/C001041.json","Hillary","Rodham","Clinton","1947-10-26","F","D",,,"300022",,"40105",,"","",false,"9",,6,1,0,"2019-10-07 08:26:42 -0400","ocd-division/country:us/state:ny","NY","1","","S278",16.67,100,0,,,,,
"C000560","Senator, 3rd Class","Sen.","https://api.propublica.org/congress/v1/members/C000560.json","Tom",,"Coburn","1948-03-14","M","R","TomCoburn","SenatorCoburn","400576","36751","29555","/m/03wnjr","","http://www.coburn.senate.gov",false,"5","2010",696,17,0,"2019-10-07 08:26:42 -0400","ocd-division/country:us/state:ok","OK","3","","S301",2.44,91.18,8.82,,,,,
"C000567","Senator, 2nd Class","Sen.","https://api.propublica.org/congress/v1/members/C000567.json","Thad",,"Cochran","1937-12-07","M","R","SenThadCochran","sencochran","300023","1200","14009","/m/01fmcd","","https://www.cochran.senate.gov",false,"31","2014",696,7,0,"2019-10-07 08:26:42 -0400","ocd-division/country:us/state:ms","MS","2","","S136",1.01,85.42,14.58,,"53312","N00003328",,
"C001035","Senator, 2nd Class","Sen.","https://api.propublica.org/congress/v1/members/C001035.json","Susan",,"Collins","1952-12-07","F","R","SenatorCollins","SenatorSusanCollins","300025","45738","49703","/m/020y8m","","https://www.collins.senate.gov",false,"13","2014",696,0,0,"2019-11-18 02:30:22 -0500","ocd-division/country:us/state:me","ME","2","","S252",0,67.78,32.22,"susancollins","379","N00000491","https://www.collins.senate.gov/?q=rss.xml",
"C000705","Senator, 1st Class","Sen.","https://api.propublica.org/congress/v1/members/C000705.json","Kent",,"Conrad","1948-03-12","M","D",,"SenatorConrad","300026","2517","15501","/m/021fx2","","",false,"23","2012",696,15,0,"2019-10-07 08:26:42 -0400","ocd-division/country:us/state:nd","ND","1","","S201",2.16,92.76,7.24,,,,,
"C001088","Senator, 2nd Class","Sen.","https://api.propublica.org/congress/v1/members/C001088.json","Christopher","A.","Coons","1963-09-09","M","D","ChrisCoons","senatorchriscoons","412390","9269028","40916","/m/082d3d","","https://www.coons.senate.gov",false,"1","2014",51,1,0,"2019-11-18 02:30:22 -0500","ocd-division/country:us/state:de","DE","2","","S337",1.96,100,0,"senatorchriscoons","122834","N00031820",,
"C001071","Senator, 1st Class","Sen.","https://api.propublica.org/congress/v1/members/C001071.json","Bob",,"Corker","1952-08-24","M","R","SenBobCorker","senatorcorker","412248","1021114","40705","/m/0d9fz3","","https://www.corker.senate.gov",false,"3","2012",696,5,0,"2019-10-07 08:26:42 -0400","ocd-division/country:us/state:tn","TN","1","","S310",0.72,88.99,11.01,"bobcorker","65905","N00027441",,
"C001056","Senator, 2nd Class","Sen.","https://api.propublica.org/congress/v1/members/C001056.json","John",,"Cornyn","1952-02-02","M","R","JohnCornyn","senjohncornyn","300027","93131","40305","/m/01xcqs","","https://www.cornyn.senate.gov",false,"7","2014",696,15,0,"2019-11-18 02:30:20 -0500","ocd-division/country:us/state:tx","TX","2","","S287",2.16,94.66,5.34,"sen.johncornyn","15375","N00024852",,
"C000880","Senator, 3rd Class","Sen.","https://api.propublica.org/congress/v1/members/C000880.json","Michael","D.","Crapo","1951-05-20","M","R","MikeCrapo","senatorcrapo","300030","26440","29345","/m/021pgp","","https://www.crapo.senate.gov",false,"11","2010",696,10,0,"2019-10-07 08:26:42 -0400","ocd-division/country:us/state:id","ID","3","","S266",1.44,94.08,5.92,"mikecrapo","26830","N00006267",,
"D000595","Senator, 3rd Class","Sen.","https://api.propublica.org/congress/v1/members/D000595.json","Jim",,"DeMint","1951-09-02","M","R","JimDeMint","SenJimDeMint","400105","57895","29936","/m/02v30g","","",false,"5","2010",696,22,0,"2019-10-07 08:26:42 -0400","ocd-division/country:us/state:sc","SC","3","","S302",3.16,90.98,9.02,,,,,
"D000388","Senator, 3rd Class","Sen.","https://api.propublica.org/congress/v1/members/D000388.json","Christopher","J.","Dodd","1944-05-27","M","D","SenChrisDodd","SenChrisDodd","300034",,"14213","/m/01xcly","","",false,"29","2010",696,20,0,"2019-10-07 08:26:42 -0400","ocd-division/country:us/state:ct","CT","3","","S150",2.87,97.62,2.38,,,,,
"D000432","Senator, 3rd Class","Sen.","https://api.propublica.org/congress/v1/members/D000432.json","Byron","L.","Dorgan","1942-05-14","M","D",,"senatordorgan","300037","2318","14812","/m/021fyn","","",false,"17","2010",696,11,0,"2019-10-07 08:26:42 -0400","ocd-division/country:us/state:nd","ND","3","","S222",1.58,92.66,7.34,,,,,
"D000563","Senator, 2nd Class","Sen.","https://api.propublica.org/congress/v1/members/D000563.json","Richard","J.","Durbin","1944-11-21","M","D","SenatorDurbin","SenatorDurbin","300038","6741","15021","/m/01xcd1","","https://www.durbin.senate.gov",false,"13","2014",696,5,0,"2019-11-18 02:30:23 -0500","ocd-division/country:us/state:il","IL","2","","S253",0.72,97.96,2.04,"SenatorDurbin","26847","N00004981",,
"E000194","Senator, 1st Class","Sen.","https://api.propublica.org/congress/v1/members/E000194.json","John",,"Ensign","1958-03-25","M","R","SenEnsign","SenatorEnsign","300040","37076","29537","/m/0204wp","","",false,"9","2012",696,17,0,"2019-10-07 08:26:42 -0400","ocd-division/country:us/state:nv","NV","1","","S281",2.44,92.24,7.76,,,,,
"E000285","Senator, 2nd Class","Sen.","https://api.propublica.org/congress/v1/members/E000285.json","Michael","B.","Enzi","1944-02-01","M","R","SenatorEnzi","senatorenzi","300041","45824","49706","/m/021ph1","","https://www.enzi.senate.gov",false,"13","2014",696,13,0,"2019-10-07 08:26:42 -0400","ocd-division/country:us/state:wy","WY","2","","S254",1.87,94.5,5.5,"mikeenzi","558","N00006249","https://www.enzi.senate.gov/public/?a=rss.feed",
"F000061","Senator, 3rd Class","Sen.","https://api.propublica.org/congress/v1/members/F000061.json","Russ",,"Feingold","1953-03-02","M","D","russfeingold","SenRussFeingold","300042",,"49309","/m/01nvvl","","",false,"17","2010",696,2,0,"2019-10-07 08:26:42 -0400","ocd-division/country:us/state:wi","WI","3","","S230",0.29,80,20,,,,,
"F000062","Senator, 1st Class","Sen.","https://api.propublica.org/congress/v1/members/F000062.json","Dianne",,"Feinstein","1933-06-22","F","D","SenFeinstein","SenatorFeinstein","300043","13061","49300","/m/01gqws","","https://www.feinstein.senate.gov",false,"17","2012",696,2,0,"2019-10-07 08:26:42 -0400","ocd-division/country:us/state:ca","CA","1","","S221",0.29,96.96,3.04,"senatorfeinstein","53273","N00007364","https://www.feinstein.senate.gov/public/?a=rss.feed",
"F000457","Senator, 2nd Class","Sen.","https://api.propublica.org/congress/v1/members/F000457.json","Al",,"Franken","1951-05-21","M","D","SenFranken","SenatorFranken","412378","23334","40904","/m/01lct6","","https://www.franken.senate.gov/",false,"1","2014",479,0,0,"2019-10-07 08:26:42 -0400","ocd-division/country:us/state:mn","MN","2","","S332",0,97.07,2.94,"senatoralfranken","108924","N00029016","https://www.franken.senate.gov/rss/",
"G000555","Senator, 1st Class","Sen.","https://api.propublica.org/congress/v1/members/G000555.json","Kirsten","E.","Gillibrand","1966-12-09","F","D","GillibrandNY","KirstenEGillibrand","412223","1022862","20735","/m/0gnfc4","","https://www.gillibrand.senate.gov",false,"1","2012",681,8,0,"2019-10-07 08:26:42 -0400","ocd-division/country:us/state:ny","NY","1","","S331",1.17,97.91,2.09,"SenKirstenGillibrand","65147","N00027658",,
"G000561","Senator, 1st Class","Sen.","https://api.propublica.org/congress/v1/members/G000561.json","Carte","P.","Goodwin","1974-02-27","M","D",,,"412389","9266706",,,"","",false,"1",,40,0,0,"2019-10-07 08:26:42 -0400","ocd-division/country:us/state:wv","WV","1","","S336",0,100,0,,,,,
"G000359","Senator, 2nd Class","Sen.","https://api.propublica.org/congress/v1/members/G000359.json","Lindsey",,"Graham","1955-07-09","M","R","GrahamBlog","USSenLindseyGraham","300047","36782","29566","/m/01_pdg","","https://www.lgraham.senate.gov/public",false,"7","2014",696,18,0,"2019-10-07 08:26:42 -0400","ocd-division/country:us/state:sc","SC","2","","S293",2.59,93.57,6.43,"USSenatorLindseyGraham","21992","N00009975","https://www.lgraham.senate.gov/public/?a=rss.feed",
"G000386","Senator, 3rd Class","Sen.","https://api.propublica.org/congress/v1/members/G000386.json","Charles","E.","Grassley","1933-09-17","M","R","ChuckGrassley","senchuckgrassley","300048","1167","14226","/m/020ymy","","https://www.grassley.senate.gov",false,"29","2010",696,0,0,"2019-10-07 08:26:42 -0400","ocd-division/country:us/state:ia","IA","3","","S153",0,91.55,8.45,"grassley","53293","N00001758","https://www.grassley.senate.gov/?q=rss.xml",
"G000445","Senator, 3rd Class","Sen.","https://api.propublica.org/congress/v1/members/G000445.json","Judd",,"Gregg","1947-02-14","M","R",,,"300049",,"14826","/m/0206mj","","",false,"17","2010",696,80,0,"2019-10-07 08:26:42 -0400","ocd-division/country:us/state:nh","NH","3","","S224",11.49,83.72,16.28,,,,,
"H001049","Senator, 2nd Class","Sen.","https://api.propublica.org/congress/v1/members/H001049.json","Kay",,"Hagan","1953-05-26","F","D","SenatorHagan","SenatorHagan","412324","1028015","40907","/m/02b56f","","http://www.hagan.senate.gov",false,"1","2014",696,9,0,"2019-10-07 08:26:42 -0400","ocd-division/country:us/state:nc","NC","2","","S320",1.29,91.36,8.64,"SenatorHagan",,,,
"H000206","Senator, 2nd Class","Sen.","https://api.propublica.org/congress/v1/members/H000206.json","Tom",,"Harkin","1939-11-19","M","D","SenatorHarkin","SenatorTomHarkin","300051","2005","14230","/m/020ynq","","http://www.harkin.senate.gov",false,"25","2014",696,10,0,"2019-10-07 08:26:42 -0400","ocd-division/country:us/state:ia","IA","2","","S172",1.44,96.04,3.96,"tomharkin",,,,
"H000338","Senator, 1st Class","Sen.","https://api.propublica.org/congress/v1/members/H000338.json","Orrin","G.","Hatch","1934-03-22","M","R","SenOrrinHatch","SenatorOrrinHatch","300052","189","14503","/m/016mj4","","https://www.hatch.senate.gov",false,"33","2012",696,18,1,"2019-10-07 08:26:42 -0400","ocd-division/country:us/state:ut","UT","1","","S118",2.59,90.57,9.43,"senatororrinhatch","53352","N00009869","https://www.hatch.senate.gov/public/index.cfm/rss/feed",
"H001016","Senator, 1st Class","Sen.","https://api.propublica.org/congress/v1/members/H001016.json","Kay","Bailey","Hutchison","1943-07-22","F","R","kaybaileyhutch","SenatorHutchison","300054","24713","49306","/m/02050j","","",false,"17","2012",696,67,0,"2019-10-07 08:26:42 -0400","ocd-division/country:us/state:tx","TX","1","","S235",9.63,92.94,7.06,,,,,
"I000024","Senator, 2nd Class","Sen.","https://api.propublica.org/congress/v1/members/I000024.json","James","M.","Inhofe","1934-11-17","M","R","InhofePress","jiminhofepressoffice","300055","5619","15424","/m/021kpl","","https://www.inhofe.senate.gov",false,"17","2014",696,25,0,"2019-10-07 08:26:42 -0400","ocd-division/country:us/state:ok","OK","2","","S236",3.59,93.06,6.94,"jiminhofe","27027","N00005582",,
"I000025","Senator, 3rd Class","Sen.","https://api.propublica.org/congress/v1/members/I000025.json","Daniel","K.","Inouye","1924-09-07","M","D","daniel_inouye",,"300056","2568","4812","/m/021sv1","","",false,"41","2010",696,8,0,"2019-10-07 08:26:42 -0400","ocd-division/country:us/state:hi","HI","3","","S051",1.15,97.81,2.19,,,,,
"I000055","Senator, 3rd Class","Sen.","https://api.propublica.org/congress/v1/members/I000055.json","Johnny",,"Isakson","1944-12-28","M","R","SenatorIsakson","SenatorIsakson","400194","59135","29909","/m/02556q","","https://www.isakson.senate.gov",false,"5","2010",696,72,0,"2019-10-07 08:26:42 -0400","ocd-division/country:us/state:ga","GA","3","","S305",10.34,94.32,5.68,,"1721","N00002593","https://www.isakson.senate.gov/public/?a=RSS.Feed",
"J000291","Senator, 2nd Class","Sen.","https://api.propublica.org/congress/v1/members/J000291.json","Mike",,"Johanns","1950-06-18","M","R","Mike_Johanns","SenatorMikeJohanns","412320","56552","40905","/m/02722_","","http://www.johanns.senate.gov",false,"1","2014",696,30,0,"2019-10-07 08:26:42 -0400","ocd-division/country:us/state:ne","NE","2","","S321",4.31,92.86,7.14,"MikeJohanns",,,,
"J000177","Senator, 2nd Class","Sen.","https://api.propublica.org/congress/v1/members/J000177.json","Tim",,"Johnson","1946-12-28","M","D","SenJohnsonSD","senatorjohnson","300058","2545","15425","/m/01xwcp","","http://www.johnson.senate.gov",false,"13","2014",696,16,0,"2019-10-07 08:26:42 -0400","ocd-division/country:us/state:sd","SD","2","","S257",2.3,96.6,3.4,"Senator-Tim-Johnson",,,,
"K000373","Senator, 2nd Class","Sen.","https://api.propublica.org/congress/v1/members/K000373.json","Edward","E.","Kaufman","1939-03-15","M","D",,"SenatorTed","412329","1030984",,,"","",false,"1","2014",640,6,0,"2019-10-07 08:26:42 -0400","ocd-division/country:us/state:de","DE","2","","S329",0.94,97.14,2.86,,,,,
"K000105","Senator, 1st Class","Sen.","https://api.propublica.org/congress/v1/members/K000105.json","Edward","M.","Kennedy","1932-02-22","M","D",,,"300059",,"10808",,"","",false,"47",,270,261,0,"2019-10-07 08:26:42 -0400","ocd-division/country:us/state:ma","MA","1","","S055",96.67,100,0,,,,,
"K000148","Senator, 2nd Class","Sen.","https://api.propublica.org/congress/v1/members/K000148.json","John",,"Kerry","1943-12-11","M","D",,"senatorkerry","300060","1485","15300","/m/0d3qd0","","",false,"25","2014",696,16,0,"2019-10-07 08:26:42 -0400","ocd-division/country:us/state:ma","MA","2","","S173",2.3,97.78,2.22,,,,,
"K000360","Senator, 3rd Class","Sen.","https://api.propublica.org/congress/v1/members/K000360.json","Mark","Steven","Kirk","1959-09-15","M","R","SenatorKirk","SenatorKirk","400222","85221","20115","/m/0256rr","","https://www.kirk.senate.gov",false,"1","2016",48,8,0,"2019-10-07 08:26:42 -0400","ocd-division/country:us/state:il","IL","3","","S339",16.67,80,20,"SenatorKirk",,,,
"K000374","Senator, 1st Class","Sen.","https://api.propublica.org/congress/v1/members/K000374.json","Paul","G.","Kirk","1938-01-18","M","D",,,"412381",,,"/m/0896g7","","",false,"1","2012",119,0,0,"2019-10-07 08:26:42 -0400","ocd-division/country:us/state:ma","MA","1","","S334",0,99.16,0.84,,,,,"Jr."
"K000367","Senator, 1st Class","Sen.","https://api.propublica.org/congress/v1/members/K000367.json","Amy",,"Klobuchar","1960-05-25","F","D","SenAmyKlobuchar","senatorklobuchar","412242","83701","40700","/m/05fbpt","","https://www.klobuchar.senate.gov",false,"3","2012",696,6,0,"2019-10-07 08:26:42 -0400","ocd-division/country:us/state:mn","MN","1","","S311",0.86,91.69,8.31,,"65092","N00027500",,
"K000305","Senator, 1st Class","Sen.","https://api.propublica.org/congress/v1/members/K000305.json","Herb",,"Kohl","1935-02-07","M","D",,"SenatorKohl","300061","4030","15704","/m/04fy4q","","",false,"21","2012",696,3,0,"2019-10-07 08:26:42 -0400","ocd-division/country:us/state:wi","WI","1","","S209",0.43,95.21,4.79,,,,,
"K000352","Senator, 1st Class","Sen.","https://api.propublica.org/congress/v1/members/K000352.json","Jon",,"Kyl","1942-04-25","M","R","senjonkyl","SenJonKyl","300062",,"15428","/m/01y0mp","","",false,"15","2012",696,11,0,"2019-10-07 08:26:42 -0400","ocd-division/country:us/state:az","AZ","1","","S243",1.58,92.17,7.83,,,,,
"L000550","Senator, 2nd Class","Sen.","https://api.propublica.org/congress/v1/members/L000550.json","Mary","L.","Landrieu","1955-11-23","F","D","SenLandrieu","senatorlandrieu","300063","22357","49702","/m/019tyn","","http://www.landrieu.senate.gov",false,"13","2014",696,31,0,"2019-10-07 08:26:42 -0400","ocd-division/country:us/state:la","LA","2","","S258",4.45,93.04,6.96,"senatormarylandrieu",,,,
"L000123","Senator, 2nd Class","Sen.","https://api.propublica.org/congress/v1/members/L000123.json","Frank","R.","Lautenberg","1924-01-23","M","D","franklautenberg",,"300064","2515","14914","/m/01wsvs","","http://www.lautenberg.senate.gov/",false,"25","2014",696,18,0,"2019-10-07 08:26:42 -0400","ocd-division/country:us/state:nj","NJ","2","","S166",2.59,98.22,1.78,"franklautenberg",,,,
"L000174","Senator, 3rd Class","Sen.","https://api.propublica.org/congress/v1/members/L000174.json","Patrick","J.","Leahy","1940-03-31","M","D","SenatorLeahy","SenatorPatrickLeahy","300065","1552","14307","/m/0202kf","","https://www.leahy.senate.gov",false,"35","2010",696,12,0,"2019-10-07 08:26:42 -0400","ocd-division/country:us/state:vt","VT","3","","S057",1.72,97.36,2.64,"SenatorPatrickLeahy","53353","N00009918",,
"L000572","Senator, 3rd Class","Sen.","https://api.propublica.org/congress/v1/members/L000572.json","George","S.","LeMieux","1969-05-21","M","R","George_LeMieux",,"412380","1931",,,"","",false,"1","2010",423,8,0,"2019-10-07 08:26:42 -0400","ocd-division/country:us/state:fl","FL","3","","S333",1.89,92.2,7.8,,,,,
"L000261","Senator, 2nd Class","Sen.","https://api.propublica.org/congress/v1/members/L000261.json","Carl",,"Levin","1934-06-28","M","D","SenCarlLevin","SenCarlLevin","300066","2592","14709","/m/01xh6j","","http://www.levin.senate.gov",false,"31","2014",696,1,0,"2019-10-07 08:26:42 -0400","ocd-division/country:us/state:mi","MI","2","","S131",0.14,97.25,2.75,"carllevin",,,,
"L000304","Senator, 1st Class","Sen.","https://api.propublica.org/congress/v1/members/L000304.json","Joseph","I.","Lieberman","1942-02-24","M","ID","JoeLieberman","SenatorJoeLieberman","300067","4363","15705","/m/0jw5r","","",false,"21","2012",696,20,0,"2019-10-07 08:26:42 -0400","ocd-division/country:us/state:ct","CT","1","","S210",2.87,90.48,9.52,,,,,
"L000035","Senator, 3rd Class","Sen.","https://api.propublica.org/congress/v1/members/L000035.json","Blanche",,"Lincoln","1960-09-30","F","D",,"SenatorLincoln","300068","26202","29305","/m/01xb1j","","",false,"11","2010",696,31,0,"2019-10-07 08:26:42 -0400","ocd-division/country:us/state:ar","AR","3","","S269",4.45,83.66,16.34,,,,,
"L000504","Senator, 1st Class","Sen.","https://api.propublica.org/congress/v1/members/L000504.json","Richard","G.","Lugar","1932-04-04","M","R","senatorlugar","senatorlugar","300070","255","14506","/m/01d_bx","","",false,"33","2012",696,6,0,"2019-10-07 08:26:42 -0400","ocd-division/country:us/state:in","IN","1","","S105",0.86,83.11,16.89,,,,,
"M001183","Senator, 1st Class","Sen.","https://api.propublica.org/congress/v1/members/M001183.json","Joe",,"Manchin","1947-08-24","M","D","Sen_JoeManchin","SenatorJoeManchin","412391","62864","40915","/m/04lc5t","","https://www.manchin.senate.gov",false,"1",,51,5,0,"2019-10-07 08:26:42 -0400","ocd-division/country:us/state:wv","WV","1","","S338",9.8,86.96,13.04,"JoeManchinIII","7547","N00032838",,"III"
"M001162","Senator, 3rd Class","Sen.","https://api.propublica.org/congress/v1/members/M001162.json","Mel",,"Martinez","1946-10-23","M","R",,,"400621",,"40501",,"","",false,"5",,272,19,0,"2019-10-07 08:26:42 -0400","ocd-division/country:us/state:fl","FL","3","","S304",6.99,84.8,15.2,,,,,
"M000303","Senator, 3rd Class","Sen.","https://api.propublica.org/congress/v1/members/M000303.json","John",,"McCain","1936-08-29","M","R","SenJohnMcCain","SenatorJohnMcCain","300071","7476","15039","/m/0bymv","S6AZ00019","https://www.mccain.senate.gov",false,"23","2010",696,11,0,"2019-10-07 08:26:42 -0400","ocd-division/country:us/state:az","AZ","3","","S197",1.58,94.08,5.92,"johnmccain","53270","N00006424","https://www.mccain.senate.gov/public/?a=rss.feed",
"M001170","Senator, 1st Class","Sen.","https://api.propublica.org/congress/v1/members/M001170.json","Claire",,"McCaskill","1953-07-24","F","D","clairecmc","SenatorMcCaskill","412243","1012014","40701","/m/040_w4","","https://www.mccaskill.senate.gov",false,"3","2012",696,16,0,"2019-10-07 08:26:42 -0400","ocd-division/country:us/state:mo","MO","1","","S312",2.3,81.36,18.64,"senatormccaskill","2109","N00027694",,
"M000355","Senator, 2nd Class","Sen.","https://api.propublica.org/congress/v1/members/M000355.json","Mitch",,"McConnell","1942-02-20","M","R","McConnellPress",,"300072","2351","14921","/m/01z6ls","","https://www.mcconnell.senate.gov",false,"25","2014",696,1,0,"2019-10-07 08:26:42 -0400","ocd-division/country:us/state:ky","KY","2","","S174",0.14,94.46,5.54,"mitchmcconnell","53298","N00003389","https://www.mcconnell.senate.gov/public/?a=RSS.Feed",
"M000639","Senator, 1st Class","Sen.","https://api.propublica.org/congress/v1/members/M000639.json","Robert",,"Menendez","1954-01-01","M","D","SenatorMenendez","SenatorMenendezNJ","400272","29608","29373","/m/033d3p","","https://www.menendez.senate.gov",false,"4","2012",696,10,0,"2019-10-07 08:26:42 -0400","ocd-division/country:us/state:nj","NJ","1","","S306",1.44,97.36,2.64,"senatormenendez","26961","N00000699",,
"M001176","Senator, 2nd Class","Sen.","https://api.propublica.org/congress/v1/members/M001176.json","Jeff",,"Merkley","1956-10-24","M","D","SenJeffMerkley","SenatorJeffMerkley","412325","1029842","40908","/m/026k60f","","https://www.merkley.senate.gov",false,"1","2014",696,4,0,"2019-11-18 02:30:21 -0500","ocd-division/country:us/state:or","OR","2","","S322",0.57,95.93,4.07,"jeffmerkley","23644","N00029303","https://www.merkley.senate.gov/rss/feeds/",
"M000702","Senator, 3rd Class","Sen.","https://api.propublica.org/congress/v1/members/M000702.json","Barbara","A.","Mikulski","1936-07-20","F","D","SenatorBarb","senatormikulski","300073","1396","14440","/m/0206nm","","https://www.mikulski.senate.gov",false,"23","2010",696,54,0,"2019-10-07 08:26:42 -0400","ocd-division/country:us/state:md","MD","3","","S182",7.76,98.9,1.1,"SenatorMikulski",,,,
"M001153","Senator, 3rd Class","Sen.","https://api.propublica.org/congress/v1/members/M001153.json","Lisa",,"Murkowski","1957-05-22","F","R","LisaMurkowski","senatormurkowski","300075","1004138","40300","/m/0202kt","","https://www.murkowski.senate.gov",false,"9","2010",696,39,0,"2019-10-07 08:26:42 -0400","ocd-division/country:us/state:ak","AK","3","","S288",5.6,81.3,18.7,"SenLisaMurkowski","15841","N00026050",,
"M001111","Senator, 3rd Class","Sen.","https://api.propublica.org/congress/v1/members/M001111.json","Patty",,"Murray","1950-10-11","F","D","PattyMurray","SenatorPattyMurray","300076","25277","49308","/m/018qx5","","https://www.murray.senate.gov",false,"17","2010",696,14,0,"2022-07-13 02:50:31 -0400","ocd-division/country:us/state:wa","WA","3","","S229",2.01,97.05,2.95,,"53358","N00007876","https://www.murray.senate.gov/category/press-releases/feed/",
"N000032","Senator, 1st Class","Sen.","https://api.propublica.org/congress/v1/members/N000032.json","Bill",,"Nelson","1942-09-29","M","D","SenBillNelson","senbillnelson","300078","1931","14651","/m/01_pb_","","https://www.billnelson.senate.gov",false,"9","2012",696,14,0,"2019-10-07 08:26:42 -0400","ocd-division/country:us/state:fl","FL","1","","S282",2.01,93.07,6.93,,"1606","N00009926",,
"N000180","Senator, 1st Class","Sen.","https://api.propublica.org/congress/v1/members/N000180.json","Ben",,"Nelson","1941-05-17","M","D","SenBenNelson","SenBenNelson","300077","16991","40103","/m/01_pcc","","",false,"9","2012",696,0,0,"2019-10-07 08:26:42 -0400","ocd-division/country:us/state:ne","NE","1","","S283",0,68.79,31.21,,,,,
"P000590","Senator, 2nd Class","Sen.","https://api.propublica.org/congress/v1/members/P000590.json","Mark",,"Pryor","1963-01-10","M","D","SenMarkPryor","senatorpryor","300080","1002201","40301","/m/01gb3p","","http://www.pryor.senate.gov",false,"7","2014",696,5,0,"2019-10-07 08:26:42 -0400","ocd-division/country:us/state:ar","AR","2","","S295",0.72,90.98,9.02,"MarkPryor",,,,
"R000122","Senator, 2nd Class","Sen.","https://api.propublica.org/congress/v1/members/R000122.json","Jack",,"Reed","1949-11-12","M","D","SenJackReed","SenatorReed","300081","24239","29142","/m/0202mc","","https://www.reed.senate.gov",false,"13","2014",696,5,0,"2019-10-07 08:26:42 -0400","ocd-division/country:us/state:ri","RI","2","","S259",0.72,97.53,2.47,"SenJackReed","27060","N00000362",,
"R000146","Senator, 3rd Class","Sen.","https://api.propublica.org/congress/v1/members/R000146.json","Harry",,"Reid","1939-12-02","M","D","SenatorReid","SenatorReid","300082","1683","15054","/m/0204x1","","http://www.reid.senate.gov",false,"23","2010",696,0,0,"2019-10-07 08:26:42 -0400","ocd-division/country:us/state:nv","NV","3","","S198",0,95.38,4.62,"SenatorReid",,,,
"R000584","Senator, 2nd Class","Sen.","https://api.propublica.org/congress/v1/members/R000584.json","Jim",,"Risch","1943-05-03","M","R","SenatorRisch","SenatorJamesRisch","412322","1020034","40902","/m/06y9p0","","https://www.risch.senate.gov",false,"1","2014",696,5,0,"2019-10-07 08:26:42 -0400","ocd-division/country:us/state:id","ID","2","","S323",0.72,94.72,5.28,"senatorjimrisch","2919","N00029441","https://www.risch.senate.gov/public/?a=rss.feed",
"R000307","Senator, 2nd Class","Sen.","https://api.propublica.org/congress/v1/members/R000307.json","Pat",,"Roberts","1936-04-20","M","R","SenPatRoberts","SenPatRoberts","300083","16354","14852","/m/01_pdv","","https://www.roberts.senate.gov",false,"13","2014",696,44,0,"2019-10-07 08:26:42 -0400","ocd-division/country:us/state:ks","KS","2","","S260",6.32,93.32,6.68,"SenPatRoberts","26866","N00005285","https://www.roberts.senate.gov/public/index.cfm?a=RSS.Feed",
"R000361","Senator, 2nd Class","Sen.","https://api.propublica.org/congress/v1/members/R000361.json","John","D.","Rockefeller","1937-06-18","M","D","SenRockefeller","SenatorRockefeller","300084","1238","14922","/m/01xmnh","","http://www.rockefeller.senate.gov",false,"25","2014",696,71,0,"2019-10-07 08:26:42 -0400","ocd-division/country:us/state:wv","WV","2","","S176",10.2,97.12,2.88,"SenRockefeller",,,,"IV"
"S001163","Senator, 3rd Class","Sen.","https://api.propublica.org/congress/v1/members/S001163.json","Ken",,"Salazar","1955-03-02","M","D",,,"400619",,"40500",,"","",false,"5",,5,0,0,"2019-10-07 08:26:42 -0400","ocd-division/country:us/state:co","CO","3","","S297",0,100,0,,,,,
"S000033","Senator, 1st Class","Sen.","https://api.propublica.org/congress/v1/members/S000033.json","Bernard",,"Sanders","1941-09-08","M","ID","SenSanders","senatorsanders","400357","994","29147","/m/01_gbv","","https://www.sanders.senate.gov",false,"3","2012",696,9,0,"2019-10-07 08:26:42 -0400","ocd-division/country:us/state:vt","VT","1","","S313",1.29,94.29,5.71,"senatorsanders","27110","N00000528",,
"S000148","Senator, 3rd Class","Sen.","https://api.propublica.org/congress/v1/members/S000148.json","Charles","E.","Schumer","1950-11-23","M","D","SenSchumer","SenatorSchumer","300087","5929","14858","/m/01w74d","","https://www.schumer.senate.gov",false,"11","2010",696,3,0,"2019-10-07 08:26:42 -0400","ocd-division/country:us/state:ny","NY","3","","S270",0.43,98.84,1.16,"senschumer","26976","N00001093",,
"S001141","Senator, 2nd Class","Sen.","https://api.propublica.org/congress/v1/members/S001141.json","Jeff",,"Sessions","1946-12-24","M","R","SenatorSessions","SenatorSessions","300088","44441","49700","/m/020yjg","","http://www.sessions.senate.gov/public",false,"13","2014",696,26,0,"2019-10-07 08:26:42 -0400","ocd-division/country:us/state:al","AL","2","","S261",3.74,93.33,6.67,"jeffsessions",,"N00003062",,
"S001181","Senator, 2nd Class","Sen.","https://api.propublica.org/congress/v1/members/S001181.json","Jeanne",,"Shaheen","1947-01-28","F","D","SenatorShaheen","senatorshaheen","412323","22850","40906","/m/01rrm2","","https://www.shaheen.senate.gov",false,"1","2014",696,12,0,"2019-10-07 08:26:42 -0400","ocd-division/country:us/state:nh","NH","2","","S324",1.72,95.29,4.71,"SenatorShaheen","1663","N00024790",,
"S000320","Senator, 3rd Class","Sen.","https://api.propublica.org/congress/v1/members/S000320.json","Richard","C.","Shelby","1934-05-06","M","R","SenShelby","SenatorRichardShelby","300089","1859","94659","/m/020yj1","","https://www.shelby.senate.gov",false,"23","2010",696,5,0,"2019-10-07 08:26:42 -0400","ocd-division/country:us/state:al","AL","3","","S184",0.72,89.43,10.57,"RichardShelby","53266","N00009920","https://www.shelby.senate.gov/public/?a=rss.feed",
"S000663","Senator, 1st Class","Sen.","https://api.propublica.org/congress/v1/members/S000663.json","Olympia","J.","Snowe","1947-02-21","F","R","SenatorSnowe",,"300091",,"14661","/m/020yg2","","",false,"15","2012",696,0,0,"2019-10-07 08:26:42 -0400","ocd-division/country:us/state:me","ME","1","","S245",0,69.68,30.32,,,,,
"S000709","Senator, 3rd Class","Sen.","https://api.propublica.org/congress/v1/members/S000709.json","Arlen",,"Specter","1930-02-12","M","R","SenArlenSpecter","SenatorArlenSpecter","300092",,"14911","/m/0204ym","","",false,"29",,172,2,0,"2019-10-07 08:26:42 -0400","ocd-division/country:us/state:pa","PA","3","","S161",1.16,65.48,34.52,,,,,
"S000709","Senator, 3rd Class","Sen.","https://api.propublica.org/congress/v1/members/S000709.json","Arlen",,"Specter","1930-02-12","M","D","SenArlenSpecter","SenatorArlenSpecter","300092",,"14911","/m/0204ym","","",false,"29","2010",524,29,0,"2019-10-07 08:26:42 -0400","ocd-division/country:us/state:pa","PA","3","","S161",5.53,96.14,3.86,,,,,
"S000770","Senator, 1st Class","Sen.","https://api.propublica.org/congress/v1/members/S000770.json","Debbie",,"Stabenow","1950-04-29","F","D","SenStabenow","senatorstabenow","300093","45451","29732","/m/01xh64","","https://www.stabenow.senate.gov",false,"9","2012",696,6,0,"2019-10-07 08:26:42 -0400","ocd-division/country:us/state:mi","MI","1","","S284",0.86,97.96,2.04,"SenatorStabenow","515","N00004118",,
"T000464","Senator, 1st Class","Sen.","https://api.propublica.org/congress/v1/members/T000464.json","Jon",,"Tester","1956-08-21","M","D","SenatorTester","senatorjontester","412244","1020176","40702","/m/066cdp","","https://www.tester.senate.gov",false,"3","2012",696,5,1,"2019-10-07 08:26:42 -0400","ocd-division/country:us/state:mt","MT","1","","S314",0.72,92.87,7.13,"senatortester","20928","N00027605","https://www.tester.senate.gov/rss/",
"T000250","Senator, 3rd Class","Sen.","https://api.propublica.org/congress/v1/members/T000250.json","John",,"Thune","1961-01-07","M","R","SenJohnThune","johnthune","400546","45552","29754","/m/03ybyn","","https://www.thune.senate.gov",false,"5","2010",696,5,0,"2019-10-07 08:26:42 -0400","ocd-division/country:us/state:sd","SD","3","","S303",0.72,96.18,3.82,,"398","N00004572","https://www.thune.senate.gov/public/?a=RSS.Feed",
"U000039","Senator, 2nd Class","Sen.","https://api.propublica.org/congress/v1/members/U000039.json","Tom",,"Udall","1948-05-18","M","D","SenatorTomUdall","senatortomudall","400413","10075","29924","/m/033t35","","https://www.tomudall.senate.gov",false,"2","2014",696,6,0,"2019-10-07 08:26:42 -0400","ocd-division/country:us/state:nm","NM","2","","S326",0.86,96.65,3.35,"senatortomudall","22658","N00006561",,
"U000038","Senator, 2nd Class","Sen.","https://api.propublica.org/congress/v1/members/U000038.json","Mark",,"Udall","1950-07-18","M","D","MarkUdall","senatormarkudall","400412","7634","29906","/m/024zbx","","http://www.markudall.senate.gov",false,"2","2014",696,6,0,"2019-10-07 08:26:42 -0400","ocd-division/country:us/state:co","CO","2","","S325",0.86,92.57,7.43,"markudall",,,,
"V000127","Senator, 3rd Class","Sen.","https://api.propublica.org/congress/v1/members/V000127.json","David",,"Vitter","1961-05-03","M","R",,"SenatorVitter","400418","60672","29918","/m/025jr2","","https://www.vitter.senate.gov",false,"5","2010",696,39,0,"2019-10-07 08:26:42 -0400","ocd-division/country:us/state:la","LA","3","","S299",5.6,93.52,6.48,,,,,
"V000126","Senator, 3rd Class","Sen.","https://api.propublica.org/congress/v1/members/V000126.json","George","V.","Voinovich","1936-07-15","M","R",,"SenVoinovich","300098","1783","49903","/m/01_pgn","","",false,"11","2010",696,33,0,"2019-10-07 08:26:42 -0400","ocd-division/country:us/state:oh","OH","3","","S271",4.74,69.77,30.23,,,,,
"W000805","Senator, 2nd Class","Sen.","https://api.propublica.org/congress/v1/members/W000805.json","Mark",,"Warner","1954-12-15","M","D","MarkWarner","SenatorMarkWarner","412321","7630","40909","/m/024mm1","","https://www.warner.senate.gov",false,"1","2014",696,21,0,"2019-11-18 02:30:20 -0500","ocd-division/country:us/state:va","VA","2","","S327",3.02,92.1,7.9,"MarkRWarner","535","N00002097","https://www.warner.senate.gov/public/?a=RSS.Feed",
"W000803","Senator, 1st Class","Sen.","https://api.propublica.org/congress/v1/members/W000803.json","Jim",,"Webb","1946-02-09","M","D",,"SenatorWebb","412249","1914","40706","/m/0574xy","","",false,"3","2012",696,9,0,"2019-10-07 08:26:42 -0400","ocd-division/country:us/state:va","VA","1","","S315",1.29,87.26,12.74,,,,,
"W000802","Senator, 1st Class","Sen.","https://api.propublica.org/congress/v1/members/W000802.json","Sheldon",,"Whitehouse","1955-10-20","M","D","SenWhitehouse","SenatorWhitehouse","412247","92235","40704","/m/07qw94","","https://www.whitehouse.senate.gov",false,"3","2012",696,13,0,"2019-10-07 08:26:42 -0400","ocd-division/country:us/state:ri","RI","3","","S316",1.87,97.06,2.94,"SenatorWhitehouse","2572","N00027533","https://www.whitehouse.senate.gov/rss/feeds/?type=all&cachebuster=1",
"W000437","Senator, 1st Class","Sen.","https://api.propublica.org/congress/v1/members/W000437.json","Roger",,"Wicker","1951-07-05","M","R","SenatorWicker","SenatorWicker","400432","18203","29534","/m/025xxb","","https://www.wicker.senate.gov",false,"3","2012",696,9,0,"2019-10-07 08:26:42 -0400","ocd-division/country:us/state:ms","MS","1","","S318",1.29,91.58,8.42,"SenatorWicker","21926","N00003280","https://www.wicker.senate.gov/public/?a=rss.feed",
"W000779","Senator, 3rd Class","Sen.","https://api.propublica.org/congress/v1/members/W000779.json","Ron",,"Wyden","1949-05-03","M","D","RonWyden","senronwyden","300100","1962","14871","/m/0178p9","","https://www.wyden.senate.gov",false,"14","2010",696,26,0,"2019-11-18 02:30:21 -0500","ocd-division/country:us/state:or","OR","3","","S247",3.74,96.55,3.45,,"27036","N00007724",,