"id","title","short_title","api_uri","first_name","last_name","date_of_birth","gender","party","leadership_role","twitter_account","facebook_account","youtube_account","govtrack_id","cspan_id","votesmart_id","icpsr_id","crp_id","google_entity_id","fec_candidate_id","url","contact_form","in_office","dw_nominate","seniority","next_election","total_votes","missed_votes","total_present","last_updated","ocd_id","office","phone","state","senate_class","state_rank","lis_id","missed_votes_pct","votes_with_party_pct","votes_against_party_pct","rss_url","fax","middle_name","suffix"
"B001230","Senator, 1st Class","Sen.","https://api.propublica.org/congress/v1/members/B001230.json","Tammy","Baldwin","1962-02-11","F","D","Senate Democratic Caucus Secretary","SenatorBaldwin","senatortammybaldwin","witammybaldwin","400013","57884","3470","29940","N00004367","/m/024v02","H8WI00018","https://www.baldwin.senate.gov","https://www.baldwin.senate.gov/feedback",false,-0.493,"9","2024",890,11,0,"2022-12-20 11:45:53 -0500","ocd-division/country:us/state:wi","709 Hart Senate Office Building","202-224-5653","WI","1","junior","S354",1.24,98.97,1.03,,,,
"B001261","Senator, 1st Class","Sen.","https://api.propublica.org/congress/v1/members/B001261.json","John","Barrasso","1952-07-21","M","R","Senate Republican Conference Chair","SenJohnBarrasso","johnbarrasso","barrassowyo","412251","1024777","52662","40707","N00006236","/m/02rsm32","S6WY00068","https://www.barrasso.senate.gov","https://www.barrasso.senate.gov/public/index.cfm/contact-form",false,0.536,"15","2024",890,63,0,"2022-12-20 11:45:55 -0500","ocd-division/country:us/state:wy","307 Dirksen Senate Office Building","202-224-6441","WY","1","senior","S317",7.08,95.19,4.81,"https://www.barrasso.senate.gov/public/?a=rss.feed",,,
"B001267","Senator, 3rd Class","Sen.","https://api.propublica.org/congress/v1/members/B001267.json","Michael","Bennet","1964-11-28","M","D",,"SenBennetCo","senbennetco","SenatorBennet","412330","1031622","110942","40910","N00030608","/m/05b60qf","S0CO00211","https://www.bennet.senate.gov/public","https://www.bennet.senate.gov/public/index.cfm/contact",false,-0.229,"13","2022",890,19,0,"2022-12-16 11:45:42 -0500","ocd-division/country:us/state:co","261 Russell Senate Office Building","202-224-5852","CO","3","senior","S330",2.13,99.08,0.92,,"202-228-5097",,
"B001243","Senator, 1st Class","Sen.","https://api.propublica.org/congress/v1/members/B001243.json","Marsha","Blackburn","1952-06-06","F","R",,"MarshaBlackburn","marshablackburn","RepMarshaBlackburn","400032","31226","25186","20351","N00003105","/m/01fnkt","H2TN06030","https://www.blackburn.senate.gov","https://www.blackburn.senate.gov/email-me",false,0.625,"3","2024",890,54,0,"2022-12-20 16:22:08 -0500","ocd-division/country:us/state:tn","357 Dirksen Senate Office Building","202-224-3344","TN","1","senior","S396",6.07,92.19,7.81,,,,
"B001277","Senator, 3rd Class","Sen.","https://api.propublica.org/congress/v1/members/B001277.json","Richard","Blumenthal","1946-02-13","M","D",,"SenBlumenthal","SenBlumenthal","SenatorBlumenthal","412490","21799","1568","41101","N00031685","/m/03tg8m","S0CT00177","https://www.blumenthal.senate.gov","https://www.blumenthal.senate.gov/contact/",false,-0.436,"11","2022",890,14,0,"2022-12-20 11:45:54 -0500","ocd-division/country:us/state:ct","706 Hart Senate Office Building","202-224-2823","CT","3","senior","S341",1.57,98.97,1.03,"https://www.blumenthal.senate.gov/rss/feeds/?type=press","202-224-9673",,
"B000575","Senator, 3rd Class","Sen.","https://api.propublica.org/congress/v1/members/B000575.json","Roy","Blunt","1950-01-10","M","R","","RoyBlunt","SenatorBlunt","SenatorBlunt","400034","45465","418","29735","N00005195","/m/034fn4","H6MO07128","https://www.blunt.senate.gov","https://www.blunt.senate.gov/public/index.cfm/contact-roy",false,0.399,"11","2022",890,74,0,"2022-12-20 16:22:07 -0500","ocd-division/country:us/state:mo","260 Russell Senate Office Building","202-224-5721","MO","3","senior","S342",8.31,79.64,20.36,,"202-224-8149",,
"B001288","Senator, 2nd Class","Sen.","https://api.propublica.org/congress/v1/members/B001288.json","Cory","Booker","1969-04-27","M","D",,"SenBooker",,"SenCoryBooker","412598","84679","76151","41308","N00035267","/m/06p430","S4NJ00185","https://www.booker.senate.gov","https://www.booker.senate.gov/?p=contact",false,-0.585,"9","2026",890,24,0,"2022-12-20 11:45:54 -0500","ocd-division/country:us/state:nj","717 Hart Senate Office Building","202-224-3224","NJ","2","junior","S370",2.7,98.73,1.27,,,,
"B001236","Senator, 3rd Class","Sen.","https://api.propublica.org/congress/v1/members/B001236.json","John","Boozman","1950-12-10","M","R",,"JohnBoozman","JohnBoozman","BoozmanPressOffice","400040","92069","27958","20101","N00013873","/m/024s3v","H2AR03176","https://www.boozman.senate.gov/public","https://www.boozman.senate.gov/public/index.cfm/contact",false,0.426,"11","2022",890,6,0,"2022-12-06 06:50:52 -0500","ocd-division/country:us/state:ar","141 Hart Senate Office Building","202-224-4843","AR","3","senior","S343",0.67,94.79,5.21,"https://www.boozman.senate.gov/public/?a=RSS.Feed","202-228-1371",,
"B001310","Senator, 1st Class","Sen.","https://api.propublica.org/congress/v1/members/B001310.json","Mike","Braun","1954-03-24","M","R",,"SenatorBraun",,,"412839",,"148564",,"N00041731","/g/11f2ckdwty","S8IN00171","https://www.braun.senate.gov","http://www.braun.senate.gov/contact-mike",false,,"1","2024",890,25,0,"2022-12-16 11:45:50 -0500","ocd-division/country:us/state:in","374 Russell Senate Office Building","202-224-4814","IN","1","junior","S397",2.81,91.19,8.81,,,,
"B000944","Senator, 1st Class","Sen.","https://api.propublica.org/congress/v1/members/B000944.json","Sherrod","Brown","1952-11-09","M","D",,"SenSherrodBrown","SenatorSherrodBrown","SherrodBrownOhio","400050","5051","27018","29389","N00003535","/m/034s80","H2OH13033","https://www.brown.senate.gov","http://www.brown.senate.gov/contact/",false,-0.428,"15","2024",890,9,0,"2022-12-20 11:45:53 -0500","ocd-division/country:us/state:oh","503 Hart Senate Office Building","202-224-2315","OH","1","senior","S307",1.01,99.55,0.45,,,,
"B001135","Senator, 3rd Class","Sen.","https://api.propublica.org/congress/v1/members/B001135.json","Richard","Burr","1955-11-30","M","R","","SenatorBurr","SenatorRichardBurr","SenatorRichardBurr","400054","31054","21787","29548","N00002221","/m/03g_s9","S4NC00089","https://www.burr.senate.gov","https://www.burr.senate.gov/contact/email",false,0.435,"17","2022",890,96,2,"2022-12-16 11:45:52 -0500","ocd-division/country:us/state:nc","217 Russell Senate Office Building","202-224-3154","NC","3","senior","S300",10.79,81.03,18.97,,"202-228-2981","M.",
"C000127","Senator, 1st Class","Sen.","https://api.propublica.org/congress/v1/members/C000127.json","Maria","Cantwell","1958-10-13","F","D",,"SenatorCantwell","senatorcantwell","SenatorCantwell","300018","26137","27122","39310","N00007836","/m/01x68t","S8WA00194","https://www.cantwell.senate.gov","http://www.cantwell.senate.gov/public/index.cfm/email-maria",false,-0.305,"21","2024",890,10,0,"2022-12-09 06:53:38 -0500","ocd-division/country:us/state:wa","511 Hart Senate Office Building","202-224-3441","WA","1","junior","S275",1.12,99.89,0.11,,,,
"C001047","Senator, 2nd Class","Sen.","https://api.propublica.org/congress/v1/members/C001047.json","Shelley","Capito","1953-11-26","F","R",,"SenCapito","senshelley",,"400061","83737","11701","20146","N00009771","/m/024pwq","H0WV02138","https://www.capito.senate.gov","https://www.capito.senate.gov/contact/contact-shelley",false,0.276,"7","2026",890,29,0,"2022-12-20 11:45:53 -0500","ocd-division/country:us/state:wv","172 Russell Senate Office Building","202-224-6472","WV","2","junior","S372",3.26,79.55,20.45,,,"Moore",
"C000141","Senator, 1st Class","Sen.","https://api.propublica.org/congress/v1/members/C000141.json","Benjamin","Cardin","1943-10-05","M","D",,"SenatorCardin","senatorbencardin","senatorcardin","400064","4004","26888","15408","N00001955","/m/025k3k","H6MD03177","https://www.cardin.senate.gov","http://www.cardin.senate.gov/contact/",false,-0.319,"15","2024",890,8,0,"2022-12-20 11:45:53 -0500","ocd-division/country:us/state:md","509 Hart Senate Office Building","202-224-4524","MD","1","senior","S308",0.9,99.32,0.68,,,"L.",
"C000174","Senator, 1st Class","Sen.","https://api.propublica.org/congress/v1/members/C000174.json","Thomas","Carper","1947-01-23","M","D",,"SenatorCarper","tomcarper","senatorcarper","300019","663","22421","15015","N00012508","/m/01xw7t","S8DE00079","https://www.carper.senate.gov","http://www.carper.senate.gov/public/index.cfm/email-senator-carper",false,-0.178,"21","2024",890,3,0,"2023-01-03 08:06:28 -0500","ocd-division/country:us/state:de","513 Hart Senate Office Building","202-224-2441","DE","1","senior","S277",0.34,98.87,1.13,"https://www.carper.senate.gov/public/?a=RSS.Feed",,"R.",
"C001070","Senator, 1st Class","Sen.","https://api.propublica.org/congress/v1/members/C001070.json","Bob","Casey","1960-04-13","M","D",,"SenBobCasey","SenatorBobCasey","SenatorBobCasey","412246","47036","2541","40703","N00027503","/m/047ymw","S6PA00217","https://www.casey.senate.gov","https://www.casey.senate.gov/contact/",false,-0.314,"15","2024",890,13,0,"2022-12-20 11:45:53 -0500","ocd-division/country:us/state:pa","393 Russell Senate Office Building","202-224-6324","PA","1","senior","S309",1.46,99.43,0.57,,,,
"C001075","Senator, 2nd Class","Sen.","https://api.propublica.org/congress/v1/members/C001075.json","Bill","Cassidy","1957-09-28","M","R",,,,"SenatorBillCassidy","412269","1030546","69494","20919","N00030245","/m/0286t7r","H8LA00017","https://www.cassidy.senate.gov","https://www.cassidy.senate.gov/contact",false,0.465,"7","2026",890,27,0,"2022-12-20 16:22:06 -0500","ocd-division/country:us/state:la","520 Hart Senate Office Building","202-224-5824","LA","2","senior","S373",3.03,88.07,11.93,,,,
"C001035","Senator, 2nd Class","Sen.","https://api.propublica.org/congress/v1/members/C001035.json","Susan","Collins","1952-12-07","F","R",,"SenatorCollins","susancollins","SenatorSusanCollins","300025","45738","379","49703","N00000491","/m/020y8m","S6ME00159","https://www.collins.senate.gov","http://www.collins.senate.gov/contact",false,0.116,"25","2026",890,0,0,"2022-12-16 11:45:52 -0500","ocd-division/country:us/state:me","413 Dirksen Senate Office Building","202-224-2523","ME","2","senior","S252",0,49.24,50.76,"https://www.collins.senate.gov/?q=rss.xml",,,
"C001088","Senator, 2nd Class","Sen.","https://api.propublica.org/congress/v1/members/C001088.json","Christopher","Coons","1963-09-09","M","D",,"ChrisCoons","senatorchriscoons","senatorchriscoons","412390","9269028","122834","40916","N00031820","/m/082d3d","S0DE00092","https://www.coons.senate.gov","https://www.coons.senate.gov/contact",false,-0.231,"13","2026",890,6,0,"2022-12-16 11:45:53 -0500","ocd-division/country:us/state:de","218 Russell Senate Office Building","202-224-5042","DE","2","junior","S337",0.67,99.43,0.57,,,"A.",
"C001056","Senator, 2nd Class","Sen.","https://api.propublica.org/congress/v1/members/C001056.json","John","Cornyn","1952-02-02","M","R","Senate Majority Whip","JohnCornyn","sen.johncornyn","senjohncornyn","300027","93131","15375","40305","N00024852","/m/01xcqs","S2TX00106","https://www.cornyn.senate.gov","https://www.cornyn.senate.gov/contact",false,0.473,"19","2026",890,59,0,"2022-12-15 06:48:45 -0500","ocd-division/country:us/state:tx","517 Hart Senate Office Building","202-224-2934","TX","2","senior","S287",6.63,85.82,14.18,,,,
"C001113","Senator, 3rd Class","Sen.","https://api.propublica.org/congress/v1/members/C001113.json","Catherine","Cortez Masto","1964-03-29","F","D",,"sencortezmasto","SenatorCortezMasto",,"412681","105698","69579","41700","N00037161","/m/02rtp9t","S6NV00200","https://www.cortezmasto.senate.gov","https://www.cortezmasto.senate.gov/contact",false,-0.362,"1","2022",890,5,0,"2022-12-16 11:45:53 -0500","ocd-division/country:us/state:nv","516 Hart Senate Office Building","202-224-3542","NV","3","senior","S385",0.56,98.19,1.81,,,,
"C001095","Senator, 2nd Class","Sen.","https://api.propublica.org/congress/v1/members/C001095.json","Tom","Cotton","1977-05-13","M","R",,"SenTomCotton","SenatorTomCotton","RepTomCotton","412508","63928","135651","21301","N00033363","/m/02g3ds","H2AR04083","https://www.cotton.senate.gov","https://www.cotton.senate.gov/contact/contact-tom",false,0.612,"7","2026",890,15,0,"2022-12-15 06:49:03 -0500","ocd-division/country:us/state:ar","326 Russell Senate Office Building","202-224-2353","AR","2","junior","S374",1.69,92.11,7.89,,,,
"C001096","Senator, 1st Class","Sen.","https://api.propublica.org/congress/v1/members/C001096.json","Kevin","Cramer","1961-01-21","M","R",,"SenKevinCramer","CongressmanKevinCramer","kevincramer","412555","7600","444","21350","N00004614","/m/02rhrnw","H0ND01026","https://www.cramer.senate.gov","https://www.cramer.senate.gov/contact/contact-kevin",false,0.395,"3","2024",890,103,0,"2022-12-16 11:45:53 -0500","ocd-division/country:us/state:nd","400 Russell Senate Office Building","202-224-2043","ND","1","junior","S398",11.57,91.7,8.3,,,,
"C000880","Senator, 3rd Class","Sen.","https://api.propublica.org/congress/v1/members/C000880.json","Michael","Crapo","1951-05-20","M","R",,"MikeCrapo","mikecrapo","senatorcrapo","300030","26440","26830","29345","N00006267","/m/021pgp","S8ID00027","https://www.crapo.senate.gov","https://www.crapo.senate.gov/contact",false,0.498,"23","2022",890,17,0,"2022-12-20 16:22:06 -0500","ocd-division/country:us/state:id","239 Dirksen Senate Office Building","202-224-6142","ID","3","senior","S266",1.91,90.77,9.23,,"202-228-1375","D.",
"C001098","Senator, 1st Class","Sen.","https://api.propublica.org/congress/v1/members/C001098.json","Ted","Cruz","1970-12-22","M","R",,"SenTedCruz","SenatorTedCruz","sentedcruz","412573","1019953","135705","41304","N00033085","/m/07j6ty","S2TX00312","https://www.cruz.senate.gov","https://www.cruz.senate.gov/?p=form&id=16",false,0.82,"9","2024",890,31,0,"2022-12-16 11:45:53 -0500","ocd-division/country:us/state:tx","127a Russell Senate Office Building","202-224-5922","TX","1","junior","S355",3.48,91.22,8.78,,,,
"D000618","Senator, 2nd Class","Sen.","https://api.propublica.org/congress/v1/members/D000618.json","Steve","Daines","1962-08-20","M","R",,"SteveDaines","SteveDainesMT","SteveDainesMT","412549","1034037","135720","21338","N00033054","/m/03qlc5t","H2MT01060","https://www.daines.senate.gov","https://www.daines.senate.gov/connect/email-steve",false,0.576,"7","2026",890,52,0,"2022-12-14 06:54:17 -0500","ocd-division/country:us/state:mt","320 Hart Senate Office Building","202-224-2651","MT","2","junior","S375",5.84,94.41,5.59,,,,
"D000622","Senator, 3rd Class","Sen.","https://api.propublica.org/congress/v1/members/D000622.json","Tammy","Duckworth","1968-03-12","F","D",,"SenDuckworth","SenDuckworth","repduckworth","412533","94484","57442","21325","N00027860","/m/09vqjr","H6IL06141","https://www.duckworth.senate.gov","https://www.duckworth.senate.gov/content/contact-senator",false,-0.335,"5","2022",890,12,0,"2022-12-16 11:45:53 -0500","ocd-division/country:us/state:il","524 Hart Senate Office Building","202-224-2854","IL","3","junior","S386",1.35,99.66,0.34,,,,
"D000563","Senator, 2nd Class","Sen.","https://api.propublica.org/congress/v1/members/D000563.json","Richard","Durbin","1944-11-21","M","D","Senate Minority Whip","SenatorDurbin","SenatorDurbin","SenatorDurbin","300038","6741","26847","15021","N00004981","/m/01xcd1","S6IL00151","https://www.durbin.senate.gov","https://www.durbin.senate.gov/contact/",false,-0.348,"25","2026",890,3,0,"2022-12-20 11:45:53 -0500","ocd-division/country:us/state:il","711 Hart Senate Office Building","202-224-2152","IL","2","senior","S253",0.34,99.89,0.11,,,"J.",
"E000295","Senator, 2nd Class","Sen.","https://api.propublica.org/congress/v1/members/E000295.json","Joni","Ernst","1970-07-01","F","R","Senate Republican Conference Vice Chair","SenJoniErnst","senjoniernst",,"412667","75342","128583","41502","N00035483","/m/0gg4wkg","S4IA00129","https://www.ernst.senate.gov","https://www.ernst.senate.gov/public/index.cfm/contact",false,0.551,"7","2026",890,31,0,"2022-12-20 16:22:06 -0500","ocd-division/country:us/state:ia","730 Hart Senate Office Building","202-224-3254","IA","2","junior","S376",3.48,92.5,7.5,"https://www.ernst.senate.gov/public/?a=rss.feed",,,
"F000062","Senator, 1st Class","Sen.","https://api.propublica.org/congress/v1/members/F000062.json","Dianne","Feinstein","1933-06-22","F","D",,"SenFeinstein","senatorfeinstein","SenatorFeinstein","300043","13061","53273","49300","N00007364","/m/01gqws","S0CA00199","https://www.feinstein.senate.gov","https://www.feinstein.senate.gov/public/index.cfm/e-mail-me",false,-0.268,"29","2024",890,113,0,"2022-12-20 11:45:53 -0500","ocd-division/country:us/state:ca","331 Hart Senate Office Building","202-224-3841","CA","1","senior","S221",12.7,99.61,0.39,"https://www.feinstein.senate.gov/public/?a=rss.feed",,,
"F000463","Senator, 1st Class","Sen.","https://api.propublica.org/congress/v1/members/F000463.json","Deb","Fischer","1951-03-01","F","R",,"SenatorFischer","senatordebfischer","senatordebfischer","412556","1034067","41963","41302","N00033443","/m/0c4cp0","S2NE00094","https://www.fischer.senate.gov","http://www.fischer.senate.gov/public/index.cfm/contact",false,0.458,"9","2024",890,31,0,"2022-12-16 11:45:53 -0500","ocd-division/country:us/state:ne","454 Russell Senate Office Building","202-224-6551","NE","1","senior","S357",3.48,94.64,5.36,,,,
"G000555","Senator, 1st Class","Sen.","https://api.propublica.org/congress/v1/members/G000555.json","Kirsten","Gillibrand","1966-12-09","F","D",,"GillibrandNY","SenKirstenGillibrand","KirstenEGillibrand","412223","1022862","65147","20735","N00027658","/m/0gnfc4","H6NY20167","https://www.gillibrand.senate.gov","https://www.gillibrand.senate.gov/contact/email-me",false,-0.471,"13","2024",890,8,0,"2022-12-20 11:45:53 -0500","ocd-division/country:us/state:ny","478 Russell Senate Office Building","202-224-4451","NY","1","junior","S331",0.9,99.21,0.79,,,"E.",
"G000359","Senator, 2nd Class","Sen.","https://api.propublica.org/congress/v1/members/G000359.json","Lindsey","Graham","1955-07-09","M","R",,"GrahamBlog","USSenatorLindseyGraham","USSenLindseyGraham","300047","36782","21992","29566","N00009975","/m/01_pdg","S0SC00149","https://www.lgraham.senate.gov/public","https://www.lgraham.senate.gov/public/index.cfm/e-mail-senator-graham",false,0.376,"19","2026",890,82,0,"2022-12-13 16:24:13 -0500","ocd-division/country:us/state:sc","290 Russell Senate Office Building","202-224-5972","SC","2","senior","S293",9.21,65.57,34.43,"https://www.lgraham.senate.gov/public/?a=rss.feed",,,
"G000386","Senator, 3rd Class","Sen.","https://api.propublica.org/congress/v1/members/G000386.json","Charles","Grassley","1933-09-17","M","R","President Pro Tempore of the Senate","ChuckGrassley","grassley","senchuckgrassley","300048","1167","53293","14226","N00001758","/m/020ymy","S0IA00028","https://www.grassley.senate.gov","http://www.grassley.senate.gov/contact",false,0.354,"41","2022",890,0,0,"2022-12-20 11:45:56 -0500","ocd-division/country:us/state:ia","135 Hart Senate Office Building","202-224-3744","IA","3","senior","S153",0,83.43,16.57,"https://www.grassley.senate.gov/?q=rss.xml","202-224-6020","E.",
"H000601","Senator, 2nd Class","Sen.","https://api.propublica.org/congress/v1/members/H000601.json","Bill","Hagerty","1959-08-14","M","R",,"SenatorHagerty",,,"456798",,"128466",,"N00045369","/g/11c1xp6h9v","S0TN00169","https://www.hagerty.senate.gov","https://www.hagerty.senate.gov",false,,"1","2026",890,18,0,"2022-12-16 11:45:53 -0500","ocd-division/country:us/state:tn","B11 Russell Senate Office Building","202-224-4944","TN","2","junior","S407",2.02,92.11,7.89,"https://www.hagerty.senate.gov/press-releases/feed/",,,
"H001075","Senator, 3rd Class","Sen.","https://api.propublica.org/congress/v1/members/H001075.json","Kamala","Harris","1964-10-20","F","D","","SenKamalaHarris","SenatorKamalaHarris",,"412678","1018696","120012","41701","N00036915","/m/08sry2","S6CA00584","https://www.harris.senate.gov","https://www.harris.senate.gov/contact",false,-0.709,"3","2022",2,0,0,"2022-11-29 16:16:56 -0500","ocd-division/country:us/state:ca","112 Hart Senate Office Building","202-224-3553","CA","3","junior","S387",0,100,0,,,,
"H001076","Senator, 3rd Class","Sen.","https://api.propublica.org/congress/v1/members/H001076.json","Margaret","Hassan","1958-02-27","F","D",,"Senatorhassan","SenatorHassan",,"412680","67481","42552","41702","N00038397","/m/03c3zch","S6NH00091","https://www.hassan.senate.gov","https://www.hassan.senate.gov/content/contact-senator",false,-0.232,"1","2022",890,9,0,"2022-12-16 11:45:53 -0500","ocd-division/country:us/state:nh","324 Hart Senate Office Building","202-224-3324","NH","3","junior","S388",1.01,97.73,2.27,,,,
"H001089","Senator, 1st Class","Sen.","https://api.propublica.org/congress/v1/members/H001089.json","Joshua","Hawley","1979-12-31","M","R",,"SenHawleyPress",,,"412840",,"169716",,"N00041620","/g/11bwy_95zy","S8MO00160","https://www.hawley.senate.gov","https://www.hawley.senate.gov/contact-senator-hawley",false,,"1","2024",890,15,0,"2022-12-16 11:45:53 -0500","ocd-division/country:us/state:mo","212 Russell Senate Office Building","202-224-6154","MO","1","junior","S399",1.69,87.83,12.17,,,,
"H001046","Senator, 1st Class","Sen.","https://api.propublica.org/congress/v1/members/H001046.json","Martin","Heinrich","1971-10-17","M","D",,"MartinHeinrich","MartinHeinrich","SenMartinHeinrich","412281","1030686","74517","20930","N00029835","/m/02qkv0r","H8NM01224","https://www.heinrich.senate.gov","http://www.heinrich.senate.gov/contact",false,-0.33,"9","2024",890,22,0,"2022-12-16 11:45:53 -0500","ocd-division/country:us/state:nm","303 Hart Senate Office Building","202-224-5521","NM","1","senior","S359",2.47,99.31,0.69,,,,
"H000273","Senator, 2nd Class","Sen.","https://api.propublica.org/congress/v1/members/H000273.json","John","Hickenlooper","1952-02-07","M","D",,"SenatorHick",,,"456797",,,,"N00044206","/m/04g_1z","S0CO00575","https://www.hickenlooper.senate.gov","https://www.hickenlooper.senate.gov",false,,"1","2026",890,2,0,"2022-12-16 11:45:50 -0500","ocd-division/country:us/state:co","B85 Russell Senate Office Building","202-224-5941","CO","2","junior","S408",0.22,99.21,0.79,,,,
"H001042","Senator, 1st Class","Sen.","https://api.propublica.org/congress/v1/members/H001042.json","Mazie","Hirono","1947-11-03","F","D",,"MazieHirono","senatorhirono","CongresswomanHirono","412200","91216","1677","20713","N00028139","/m/0357cd","H6HI02251","https://www.hirono.senate.gov","https://www.hirono.senate.gov/contact",false,-0.511,"9","2024",890,8,0,"2022-12-16 11:45:53 -0500","ocd-division/country:us/state:hi","713 Hart Senate Office Building","202-224-6361","HI","1","junior","S361",0.9,99.21,0.79,"https://www.hirono.senate.gov/rss/feeds/",,"K.",
"H001061","Senator, 3rd Class","Sen.","https://api.propublica.org/congress/v1/members/H001061.json","John","Hoeven","1957-03-13","M","R",,"SenJohnHoeven","SenatorJohnHoeven","senatorjohnhoevennd","412494","85233","41788","41107","N00031688","/m/01qb45","S0ND00093","https://www.hoeven.senate.gov","http://www.hoeven.senate.gov/public/index.cfm/email-the-senator",false,0.381,"11","2022",890,27,0,"2022-12-16 11:45:55 -0500","ocd-division/country:us/state:nd","338 Russell Senate Office Building","202-224-2551","ND","3","senior","S344",3.03,93.95,6.05,,"202-224-7999",,
"H001079","Senator, 2nd Class","Sen.","https://api.propublica.org/congress/v1/members/H001079.json","Cindy","Hyde-Smith","1959-05-10","F","R",,"SenHydeSmith",,,"412743","113208","20784","41707","N00043298","/m/03wc2px","S8MS00261","https://www.hydesmith.senate.gov","https://www.hydesmith.senate.gov/content/contact-senator",false,0.435,"4","2026",890,33,0,"2022-12-20 16:22:07 -0500","ocd-division/country:us/state:ms","702 Hart Senate Office Building","202-224-5054","MS","2","junior","S395",3.71,92.96,7.04,,,,
"I000024","Senator, 2nd Class","Sen.","https://api.propublica.org/congress/v1/members/I000024.json","James","Inhofe","1934-11-17","M","R","","InhofePress","jiminhofe","jiminhofepressoffice","300055","5619","27027","15424","N00005582","/m/021kpl","S4OK00083","https://www.inhofe.senate.gov","https://www.inhofe.senate.gov/contact",false,0.555,"29","2026",890,97,0,"2023-01-02 21:17:00 -0500","ocd-division/country:us/state:ok","205 Russell Senate Office Building","202-224-4721","OK","2","senior","S236",10.9,96.04,3.96,,,"M.",
"J000293","Senator, 3rd Class","Sen.","https://api.propublica.org/congress/v1/members/J000293.json","Ron","Johnson","1955-04-08","M","R",,"SenRonJohnson","senronjohnson","SenatorRonJohnson","412496","62835","126217","41111","N00032546","/m/0cmdpzc","S0WI00197","https://www.ronjohnson.senate.gov","https://www.ronjohnson.senate.gov/public/index.cfm/email-the-senator",false,0.622,"11","2022",890,51,0,"2022-12-16 11:45:55 -0500","ocd-division/country:us/state:wi","328 Hart Senate Office Building","202-224-5323","WI","3","senior","S345",5.73,93.33,6.67,"https://www.ronjohnson.senate.gov/public/?a=rss.feed","920-230-7262",,
"K000384","Senator, 1st Class","Sen.","https://api.propublica.org/congress/v1/members/K000384.json","Tim","Kaine","1958-02-26","M","D",,,"SenatorKaine","SenatorTimKaine","412582","49219","50772","41305","N00033177","/m/053f8h","S2VA00142","https://www.kaine.senate.gov","https://www.kaine.senate.gov/contact",false,-0.244,"9","2024",890,27,0,"2022-12-20 11:45:54 -0500","ocd-division/country:us/state:va","231 Russell Senate Office Building","202-224-4024","VA","1","junior","S362",3.03,99.54,0.46,,,,
"K000377","Senator, 3rd Class","Sen.","https://api.propublica.org/congress/v1/members/K000377.json","Mark","Kelly","1964-02-21","M","D",,"SenMarkKelly","SenMarkKelly","SenMarkKelly","456794",,"190594",,"N00044223","/m/02wsxy","S0AZ00350","https://www.kelly.senate.gov","https://www.kelly.senate.gov",false,,"1","2022",890,12,0,"2023-01-03 08:09:25 -0500","ocd-division/country:us/state:az","B40b Dirksen Senate Office Building","202-224-2235","AZ","3","junior","S406",1.35,97.38,2.62,,,,
"K000393","Senator, 3rd Class","Sen.","https://api.propublica.org/congress/v1/members/K000393.json","John","Kennedy","1951-11-21","M","R",,"SenJohnKennedy","JohnKennedyLouisiana",,"412679","1011723","35496","41703","N00026823","/m/0fl2sv","S4LA00065","https://www.kennedy.senate.gov/public","https://www.kennedy.senate.gov/public/email-me",false,0.564,"1","2022",890,53,0,"2022-12-16 11:45:53 -0500","ocd-division/country:us/state:la","416 Russell Senate Office Building","202-224-4623","LA","3","junior","S389",5.96,91.57,8.43,"https://www.kennedy.senate.gov/public/?a=RSS.Feed",,,
"K000383","Senator, 1st Class","Sen.","https://api.propublica.org/congress/v1/members/K000383.json","Angus","King","1944-03-31","M","ID",,"SenAngusKing","SenatorAngusSKingJr","SenatorAngusKing","412545","37413","22381","41300","N00034580","/m/02hfx0","S2ME00109","https://www.king.senate.gov","https://www.king.senate.gov/contact",false,-0.161,"9","2024",890,6,0,"2022-12-15 06:49:04 -0500","ocd-division/country:us/state:me","133 Hart Senate Office Building","202-224-5344","ME","1","junior","S363",0.67,98.75,1.25,,,,
"K000367","Senator, 1st Class","Sen.","https://api.propublica.org/congress/v1/members/K000367.json","Amy","Klobuchar","1960-05-25","F","D","Senate Democratic Steering Committee Chair","SenAmyKlobuchar",,"senatorklobuchar","412242","83701","65092","40700","N00027500","/m/05fbpt","S6MN00267","https://www.klobuchar.senate.gov","http://www.klobuchar.senate.gov/public/index.cfm/contact",false,-0.284,"15","2024",890,12,0,"2022-12-20 11:45:53 -0500","ocd-division/country:us/state:mn","425 Dirksen Senate Office Building","202-224-3244","MN","1","senior","S311",1.35,99.32,0.68,,,,
"L000575","Senator, 3rd Class","Sen.","https://api.propublica.org/congress/v1/members/L000575.json","James","Lankford","1968-03-04","M","R",,"SenatorLankford","SenatorLankford","SenatorLankford","412464","1033847","124938","21166","N00031129","/m/0dgrrx6","H0OK05114","https://www.lankford.senate.gov","http://www.lankford.senate.gov/contact/email",false,0.608,"7","2022",890,6,0,"2022-12-16 11:45:53 -0500","ocd-division/country:us/state:ok","316 Hart Senate Office Building","202-224-5754","OK","3","junior","S378",0.67,93.51,6.49,,,,
"L000174","Senator, 3rd Class","Sen.","https://api.propublica.org/congress/v1/members/L000174.json","Patrick","Leahy","1940-03-31","M","D","","SenatorLeahy","SenatorPatrickLeahy","SenatorPatrickLeahy","300065","1552","53353","14307","N00009918","/m/0202kf","S4VT00017","https://www.leahy.senate.gov","https://www.leahy.senate.gov/contact/",false,-0.36,"47","2022",890,62,0,"2022-12-20 11:45:56 -0500","ocd-division/country:us/state:vt","437 Russell Senate Office Building","202-224-4242","VT","3","senior","S057",6.97,99.64,0.36,,"202-224-3479","J.",
"L000577","Senator, 3rd Class","Sen.","https://api.propublica.org/congress/v1/members/L000577.json","Mike","Lee","1971-06-04","M","R",,"SenMikeLee","senatormikelee","senatormikelee","412495","9267977","66395","41110","N00031696","/m/09v5q9x","S0UT00165","https://www.lee.senate.gov","https://www.lee.senate.gov/public/index.cfm/contact",false,0.891,"11","2022",890,9,0,"2022-12-16 11:45:55 -0500","ocd-division/country:us/state:ut","361a Russell Senate Office Building","202-224-5444","UT","3","senior","S346",1.01,88.97,11.03,"https://www.lee.senate.gov/public/?a=rss.feed",,,
"L000594","Senator, 3rd Class","Sen.","https://api.propublica.org/congress/v1/members/L000594.json","Kelly","Loeffler","1970-11-27","F","R","","SenatorLoeffler",,,"456790",,"188718",,"N00046125","/g/11j3kgpjlx","S0GA00526","https://www.loeffler.senate.gov","https://www.loeffler.senate.gov",false,,"1","2022",2,0,0,"2022-11-29 16:16:56 -0500","ocd-division/country:us/state:ga","131 Russell Senate Office Building","202-224-3643","GA","3","senior","S405",0,100,0,,,,
"L000570","Senator, 2nd Class","Sen.","https://api.propublica.org/congress/v1/members/L000570.json","Ben","Luj√°n","1972-06-07","M","D","Assistant Speaker of the House","SenatorLujan","RepBenRayLujan","Repbenraylujan","412293","1031351","102842","20932","N00029562","/m/0412qzq","H8NM03196","https://www.lujan.senate.gov","https://www.lujan.senate.gov",false,-0.368,"1","2026",890,75,0,"2022-12-20 11:45:54 -0500","ocd-division/country:us/state:nm","B40c Dirksen Senate Office Building","202-224-6621","NM","2","junior","S409",8.43,99.26,0.74,,,"Ray",
"L000571","Senator, 2nd Class","Sen.","https://api.propublica.org/congress/v1/members/L000571.json","Cynthia","Lummis","1954-09-10","F","R",,"SenLummis","152754318103332","CynthiaLummis","412294","1031365","15546","20953","N00029788","/m/02qvjv3","H8WY00148","https://www.lummis.senate.gov","https://www.lummis.senate.gov",false,0.689,"1","2026",890,48,0,"2022-12-20 11:45:54 -0500","ocd-division/country:us/state:wy","G12 Dirksen Senate Office Building","202-224-3424","WY","2","junior","S410",5.39,92.25,7.75,"https://www.lummis.senate.gov/press-releases/feed/",,"M.",
"M001183","Senator, 1st Class","Sen.","https://api.propublica.org/congress/v1/members/M001183.json","Joe","Manchin","1947-08-24","M","D",,"Sen_JoeManchin","JoeManchinIII","SenatorJoeManchin","412391","62864","7547","40915","N00032838","/m/04lc5t","S0WV00090","https://www.manchin.senate.gov","http://www.manchin.senate.gov/public/index.cfm/contact-form",false,-0.06,"13","2024",890,44,0,"2022-12-16 11:45:53 -0500","ocd-division/country:us/state:wv","306 Hart Senate Office Building","202-224-3954","WV","1","senior","S338",4.94,92.78,7.22,,,,"III"
"M000133","Senator, 2nd Class","Sen.","https://api.propublica.org/congress/v1/members/M000133.json","Edward","Markey","1946-07-11","M","D",,"SenMarkey","EdJMarkey","RepMarkey","400253","260","26900","14435","N00000270","/m/028vr4","H6MA07101","https://www.markey.senate.gov","https://www.markey.senate.gov/contact",false,-0.513,"9","2026",890,12,0,"2022-12-20 11:45:54 -0500","ocd-division/country:us/state:ma","255 Dirksen Senate Office Building","202-224-2742","MA","2","junior","S369",1.35,97.61,2.39,,,"J.",
"M001198","Senator, 2nd Class","Sen.","https://api.propublica.org/congress/v1/members/M001198.json","Roger","Marshall","1960-08-09","M","R",,"SenatorMarshall","rogermarshallmd",,"412704","103425","172080","21734","N00037034","/g/11c4btdtm1","H6KS01179","https://www.marshall.senate.gov","https://www.marshall.senate.gov",false,0.574,"1","2026",890,22,0,"2022-12-20 11:45:51 -0500","ocd-division/country:us/state:ks","B33 Russell Senate Office Building","202-224-4774","KS","2","junior","S411",2.47,93.37,6.63,"https://www.marshall.senate.gov/media/press-releases/feed/",,,
"M000355","Senator, 2nd Class","Sen.","https://api.propublica.org/congress/v1/members/M000355.json","Mitch","McConnell","1942-02-20","M","R","Senate Minority Leader","McConnellPress","mitchmcconnell",,"300072","2351","53298","14921","N00003389","/m/01z6ls","S2KY00012","https://www.mcconnell.senate.gov","http://www.mcconnell.senate.gov/public/index.cfm?p=contact",false,0.405,"37","2026",890,23,0,"2022-12-15 06:49:03 -0500","ocd-division/country:us/state:ky","317 Russell Senate Office Building","202-224-2541","KY","2","senior","S174",2.58,85.83,14.17,"https://www.mcconnell.senate.gov/public/?a=RSS.Feed",,,
"M000639","Senator, 1st Class","Sen.","https://api.propublica.org/congress/v1/members/M000639.json","Robert","Menendez","1954-01-01","M","D",,"SenatorMenendez","senatormenendez","SenatorMenendezNJ","400272","29608","26961","29373","N00000699","/m/033d3p","H2NJ13075","https://www.menendez.senate.gov","https://www.menendez.senate.gov/contact",false,-0.367,"16","2024",890,31,0,"2022-12-20 11:45:53 -0500","ocd-division/country:us/state:nj","528 Hart Senate Office Building","202-224-4744","NJ","1","senior","S306",3.48,99.07,0.93,,,,
"M001176","Senator, 2nd Class","Sen.","https://api.propublica.org/congress/v1/members/M001176.json","Jeff","Merkley","1956-10-24","M","D",,"SenJeffMerkley","jeffmerkley","SenatorJeffMerkley","412325","1029842","23644","40908","N00029303","/m/026k60f","S8OR00207","https://www.merkley.senate.gov","http://www.merkley.senate.gov/contact/",false,-0.443,"13","2026",890,37,0,"2022-12-16 11:45:53 -0500","ocd-division/country:us/state:or","313 Hart Senate Office Building","202-224-3753","OR","2","junior","S322",4.16,98.36,1.64,"https://www.merkley.senate.gov/rss/feeds/",,,
"M000934","Senator, 3rd Class","Sen.","https://api.propublica.org/congress/v1/members/M000934.json","Jerry","Moran","1954-05-29","M","R",,"JerryMoran","jerrymoran","senatorjerrymoran","400284","45469","542","29722","N00005282","/m/024s8t","H6KS01096","https://www.moran.senate.gov","https://www.moran.senate.gov/public/index.cfm/e-mail-jerry",false,0.418,"11","2022",890,88,0,"2022-12-16 11:45:53 -0500","ocd-division/country:us/state:ks","521 Dirksen Senate Office Building","202-224-6521","KS","3","senior","S347",9.89,91.86,8.14,"https://www.moran.senate.gov/public/?a=rss.feed","202-228-6966",,
"M001153","Senator, 3rd Class","Sen.","https://api.propublica.org/congress/v1/members/M001153.json","Lisa","Murkowski","1957-05-22","F","R",,"LisaMurkowski","SenLisaMurkowski","senatormurkowski","300075","1004138","15841","40300","N00026050","/m/0202kt","S4AK00099","https://www.murkowski.senate.gov","https://www.murkowski.senate.gov/public/index.cfm/contact",false,0.211,"21","2022",890,61,0,"2022-12-20 11:45:53 -0500","ocd-division/country:us/state:ak","522 Hart Senate Office Building","202-224-6665","AK","3","senior","S288",6.85,56.89,43.11,,"202-224-5301",,
"M001169","Senator, 1st Class","Sen.","https://api.propublica.org/congress/v1/members/M001169.json","Christopher","Murphy","1973-08-03","M","D",,"senmurphyoffice","chrismurphyct","senchrismurphy","412194","1021270","17189","20707","N00027566","/m/0cy_dh","H6CT05124","https://www.murphy.senate.gov","http://www.murphy.senate.gov/contact",false,-0.27,"9","2024",890,9,0,"2022-12-20 11:45:45 -0500","ocd-division/country:us/state:ct","136 Hart Senate Office Building","202-224-4041","CT","1","junior","S364",1.01,99.2,0.8,,,"S.",
"M001111","Senator, 3rd Class","Sen.","https://api.propublica.org/congress/v1/members/M001111.json","Patty","Murray","1950-10-11","F","D","Assistant Senate Minority Leader","PattyMurray",,"SenatorPattyMurray","300076","25277","53358","49308","N00007876","/m/018qx5","S2WA00189","https://www.murray.senate.gov","http://www.murray.senate.gov/public/index.cfm/contactme",false,-0.352,"29","2022",890,26,0,"2022-12-16 11:45:52 -0500","ocd-division/country:us/state:wa","154 Russell Senate Office Building","202-224-2621","WA","3","senior","S229",2.92,99.77,0.23,"https://www.murray.senate.gov/category/press-releases/feed/","202-224-0238",,
"O000174","Senator, 2nd Class","Sen.","https://api.propublica.org/congress/v1/members/O000174.json","Jon","Ossoff","1987-02-16","M","D",,"SenOssoff",,,"456857",,"176134",,"N00040675","/g/11g6njlbw2","S8GA00180","https://www.ossoff.senate.gov",,false,,"1","2026",888,39,0,"2023-01-03 08:09:52 -0500","ocd-division/country:us/state:ga",,,"GA","2","","S414",4.39,98.47,1.53,"https://www.ossoff.senate.gov/media/press-releases/feed/",,,
"P000145","Senator, 3rd Class","Sen.","https://api.propublica.org/congress/v1/members/P000145.json","Alex","Padilla","1973-03-22","M","D","","SenAlexPadilla",,,"456856",,"59742",,"N00047888","/m/0749wj","S2CA00955","https://www.padilla.senate.gov",,false,,"1","2022",888,11,0,"2023-01-03 08:09:52 -0500","ocd-division/country:us/state:ca",,,"CA","3","","S413",1.24,99.43,0.57,"https://www.padilla.senate.gov/feed/",,,
"P000603","Senator, 3rd Class","Sen.","https://api.propublica.org/congress/v1/members/P000603.json","Rand","Paul","1963-01-07","M","R",,"RandPaul","SenatorRandPaul","SenatorRandPaul","412492","9265241","117285","41104","N00030836","/m/05pdb7q","S0KY00156","https://www.paul.senate.gov","https://www.paul.senate.gov/connect/email-rand",false,0.888,"11","2022",890,62,1,"2022-12-13 16:24:12 -0500","ocd-division/country:us/state:ky","167 Russell Senate Office Building","202-224-4343","KY","3","junior","S348",6.97,86.79,13.21,,"202-228-1373",,
"P000595","Senator, 2nd Class","Sen.","https://api.propublica.org/congress/v1/members/P000595.json","Gary","Peters","1958-12-01","M","D",,"SenGaryPeters","SenGaryPeters","RepGaryPeters","412305","50199","8749","20923","N00029277","/m/02x0lnt","H8MI09068","https://www.peters.senate.gov","https://www.peters.senate.gov/contact/email-gary",false,-0.246,"7","2026",890,17,0,"2022-12-20 11:45:54 -0500","ocd-division/country:us/state:mi","724 Hart Senate Office Building","202-224-6221","MI","2","junior","S380",1.91,99.43,0.57,,,,
"P000449","Senator, 3rd Class","Sen.","https://api.propublica.org/congress/v1/members/P000449.json","Rob","Portman","1955-12-19","M","R","","SenRobPortman","senrobportman","SenRobPortman","400325","31819","27008","29386","N00003682","/m/0343xg","S0OH00133","https://www.portman.senate.gov","https://www.portman.senate.gov/public/index.cfm/contact?p=contact-form",false,0.371,"11","2022",890,39,0,"2022-12-20 16:22:07 -0500","ocd-division/country:us/state:oh","448 Russell Senate Office Building","202-224-3353","OH","3","junior","S349",4.38,75.18,24.82,"https://www.portman.senate.gov/public/index.cfm/rss/feed",,,
"R000122","Senator, 2nd Class","Sen.","https://api.propublica.org/congress/v1/members/R000122.json","Jack","Reed","1949-11-12","M","D",,"SenJackReed","SenJackReed","SenatorReed","300081","24239","27060","29142","N00000362","/m/0202mc","S6RI00163","https://www.reed.senate.gov","https://www.reed.senate.gov/contact/",false,-0.367,"25","2026",890,3,0,"2022-12-14 06:54:16 -0500","ocd-division/country:us/state:ri","728 Hart Senate Office Building","202-224-4642","RI","2","senior","S259",0.34,99.44,0.56,,,,
"R000584","Senator, 2nd Class","Sen.","https://api.propublica.org/congress/v1/members/R000584.json","Jim","Risch","1943-05-03","M","R",,"SenatorRisch","senatorjimrisch","SenatorJamesRisch","412322","1020034","2919","40902","N00029441","/m/06y9p0","S8ID00092","https://www.risch.senate.gov","http://www.risch.senate.gov/public/index.cfm?p=Email",false,0.551,"13","2026",890,63,0,"2022-12-20 16:22:06 -0500","ocd-division/country:us/state:id","483 Russell Senate Office Building","202-224-2752","ID","2","junior","S323",7.08,91.88,8.12,"https://www.risch.senate.gov/public/?a=rss.feed",,,
"R000615","Senator, 1st Class","Sen.","https://api.propublica.org/congress/v1/members/R000615.json","Mitt","Romney","1947-03-12","M","R",,"SenatorRomney",,,"412841",,"21942",,"N00000286","/m/0271_s","S8UT00176","https://www.romney.senate.gov","https://www.romney.senate.gov/contact-senator-romney",false,,"1","2024",890,46,0,"2022-12-16 11:45:53 -0500","ocd-division/country:us/state:ut","124 Russell Senate Office Building","202-224-5251","UT","1","junior","S401",5.17,77.06,22.94,,,,
"R000608","Senator, 1st Class","Sen.","https://api.propublica.org/congress/v1/members/R000608.json","Jacky","Rosen","1957-08-02","F","D",,"SenJackyRosen","RepJackyRosen",,"412715","104738","169471","21743","N00038734","/g/11cntnvwkg","H6NV03139","https://www.rosen.senate.gov","https://www.rosen.senate.gov/contact_jacky",false,-0.283,"3","2024",890,22,0,"2022-12-20 11:45:54 -0500","ocd-division/country:us/state:nv","144 Russell Senate Office Building","202-224-6244","NV","1","junior","S402",2.47,98.5,1.5,,,,
"R000605","Senator, 2nd Class","Sen.","https://api.propublica.org/congress/v1/members/R000605.json","Mike","Rounds","1954-10-24","M","R",,"SenatorRounds","SenatorMikeRounds",,"412669","78317","7455","41505","N00035187","/m/020z2p","S4SD00049","https://www.rounds.senate.gov","https://www.rounds.senate.gov/contact/email-mike",false,0.375,"7","2026",890,206,1,"2022-12-16 11:45:53 -0500","ocd-division/country:us/state:sd","502 Hart Senate Office Building","202-224-5842","SD","2","junior","S381",23.15,80.3,19.7,,,,
"R000595","Senator, 3rd Class","Sen.","https://api.propublica.org/congress/v1/members/R000595.json","Marco","Rubio","1971-05-28","M","R",,"SenRubioPress","SenatorMarcoRubio","SenatorMarcoRubio","412491","87599","1601","41102","N00030612","/m/0dpr5f","S0FL00338","https://www.rubio.senate.gov","http://www.rubio.senate.gov/public/index.cfm/contact",false,0.608,"11","2022",890,48,0,"2022-12-16 11:45:53 -0500","ocd-division/country:us/state:fl","284 Russell Senate Office Building","202-224-3041","FL","3","senior","S350",5.39,91.86,8.14,"https://www.rubio.senate.gov/public/?a=rss.feed","202-228-0285",,
"S000033","Senator, 1st Class","Sen.","https://api.propublica.org/congress/v1/members/S000033.json","Bernard","Sanders","1941-09-08","M","ID",,"SenSanders","senatorsanders","senatorsanders","400357","994","27110","29147","N00000528","/m/01_gbv","H8VT01016","https://www.sanders.senate.gov","http://www.sanders.senate.gov/contact/",false,-0.537,"15","2024",890,83,0,"2022-12-16 11:45:52 -0500","ocd-division/country:us/state:vt","332 Dirksen Senate Office Building","202-224-5141","VT","1","junior","S313",9.33,94.42,5.58,,,,
"S001197","Senator, 2nd Class","Sen.","https://api.propublica.org/congress/v1/members/S001197.json","Ben","Sasse","1972-02-22","M","R",,"SenSasse","SenatorSasse",,"412671","77429","150182","41503","N00035544","/m/0j5wk_6","S4NE00090","https://www.sasse.senate.gov/public","http://www.sasse.senate.gov/public/index.cfm/email-ben",false,0.668,"7","2026",890,45,0,"2022-12-20 16:22:07 -0500","ocd-division/country:us/state:ne","107 Russell Senate Office Building","202-224-4224","NE","2","junior","S382",5.06,92.83,7.17,"https://www.sasse.senate.gov/public/?a=rss.feed",,,
"S001194","Senator, 3rd Class","Sen.","https://api.propublica.org/congress/v1/members/S001194.json","Brian","Schatz","1972-10-20","M","D",,"SenBrianSchatz","SenBrianSchatz","senbrianschatz","412507","87784","17852","41112","N00028138","/m/0dd109","S4HI00136","https://www.schatz.senate.gov","https://www.schatz.senate.gov/contact",false,-0.445,"9","2022",890,12,0,"2022-12-20 11:45:57 -0500","ocd-division/country:us/state:hi","722 Hart Senate Office Building","202-224-3934","HI","3","senior","S353",1.35,99.32,0.68,,"202-228-1153",,
"S000148","Senator, 3rd Class","Sen.","https://api.propublica.org/congress/v1/members/S000148.json","Charles","Schumer","1950-11-23","M","D","Senate Majority Leader","SenSchumer","senschumer","SenatorSchumer","300087","5929","26976","14858","N00001093","/m/01w74d","S8NY00082","https://www.schumer.senate.gov","https://www.schumer.senate.gov/contact/email-chuck",false,-0.356,"23","2022",890,14,0,"2022-12-16 11:45:55 -0500","ocd-division/country:us/state:ny","322 Hart Senate Office Building","202-224-6542","NY","3","senior","S270",1.57,98.4,1.6,,"202-228-3027","E.",
"S001184","Senator, 3rd Class","Sen.","https://api.propublica.org/congress/v1/members/S001184.json","Tim","Scott","1965-09-19","M","R",,"SenatorTimScott","SenatorTimScott","SenatorTimScott","412471","623506","11940","21173","N00031782","/m/0c407g6","H0SC01279","https://www.scott.senate.gov","https://www.scott.senate.gov/contact/email-me",false,0.626,"9","2022",890,17,0,"2022-12-20 16:22:08 -0500","ocd-division/country:us/state:sc","104 Hart Senate Office Building","202-224-6121","SC","3","junior","S365",1.91,92.46,7.54,,"202-225-3407",,
"S001217","Senator, 1st Class","Sen.","https://api.propublica.org/congress/v1/members/S001217.json","Rick","Scott","1952-12-01","M","R",,"SenRickScott",,,"412838",,"124204",,"N00043290","/m/0btx2g","S8FL00273","https://www.rickscott.senate.gov","https://www.rickscott.senate.gov/contact_rick",false,,"1","2024",890,19,0,"2022-12-16 11:45:56 -0500","ocd-division/country:us/state:fl","716 Hart Senate Office Building","202-224-5274","FL","1","junior","S404",2.13,90.92,9.08,,,,
"S001181","Senator, 2nd Class","Sen.","https://api.propublica.org/congress/v1/members/S001181.json","Jeanne","Shaheen","1947-01-28","F","D",,"SenatorShaheen","SenatorShaheen","senatorshaheen","412323","22850","1663","40906","N00024790","/m/01rrm2","S0NH00219","https://www.shaheen.senate.gov","https://www.shaheen.senate.gov/contact/contact-jeanne",false,-0.237,"13","2026",890,43,0,"2022-12-20 11:45:53 -0500","ocd-division/country:us/state:nh","506 Hart Senate Office Building","202-224-2841","NH","2","senior","S324",4.83,99.29,0.71,,,,
"S000320","Senator, 3rd Class","Sen.","https://api.propublica.org/congress/v1/members/S000320.json","Richard","Shelby","1934-05-06","M","R","","SenShelby","RichardShelby","SenatorRichardShelby","300089","1859","53266","94659","N00009920","/m/020yj1","S6AL00013","https://www.shelby.senate.gov","https://www.shelby.senate.gov/public/index.cfm/emailsenatorshelby",false,0.448,"35","2022",890,68,0,"2022-12-07 07:00:36 -0500","ocd-division/country:us/state:al","304 Russell Senate Office Building","202-224-5744","AL","3","senior","S184",7.64,91.53,8.47,"https://www.shelby.senate.gov/public/?a=rss.feed","202-224-3416","C.",
"S001191","Senator, 1st Class","Sen.","https://api.propublica.org/congress/v1/members/S001191.json","Kyrsten","Sinema","1976-07-12","F","I",,"SenatorSinema","CongresswomanSinema","repsinema","412509","68489","28338","21300","N00033983","/m/03qnndb","S8AZ00197","https://www.sinema.senate.gov","https://www.sinema.senate.gov/contact-kyrsten",false,,"1","2024",,,,"2022-12-09 08:45:27 -0500","ocd-division/country:us/state:az","317 Hart Senate Office Building","202-224-4521","AZ","1","senior","S403",,,,,,,
"S001191","Senator, 1st Class","Sen.","https://api.propublica.org/congress/v1/members/S001191.json","Kyrsten","Sinema","1976-07-12","F","D","","SenatorSinema","CongresswomanSinema","repsinema","412509","68489","28338","21300","N00033983","/m/03qnndb","S8AZ00197","https://www.sinema.senate.gov","https://www.sinema.senate.gov/contact-kyrsten",false,-0.105,"3","2024",890,36,0,"2022-12-09 07:13:43 -0500","ocd-division/country:us/state:az","317 Hart Senate Office Building","202-224-4521","AZ","1","senior","S403",4.04,96.95,3.05,,,,
"S001203","Senator, 2nd Class","Sen.","https://api.propublica.org/congress/v1/members/S001203.json","Tina","Smith","1958-03-04","F","D",,"SenTinaSmith","USSenTinaSmith",,"412742","111313","152968","41706","N00042353","/m/0127xvy3","S8MN00578","https://www.smith.senate.gov","https://www.smith.senate.gov/contact-tina",false,-0.398,"4","2026",890,10,0,"2022-12-20 11:45:54 -0500","ocd-division/country:us/state:mn","720 Hart Senate Office Building","202-224-5641","MN","2","junior","S394",1.12,99.2,0.8,,,,
"S000770","Senator, 1st Class","Sen.","https://api.propublica.org/congress/v1/members/S000770.json","Debbie","Stabenow","1950-04-29","F","D","Senate Democratic Policy & Communications Committee Chair","SenStabenow","SenatorStabenow","senatorstabenow","300093","45451","515","29732","N00004118","/m/01xh64","S8MI00281","https://www.stabenow.senate.gov","https://www.stabenow.senate.gov/contact",false,-0.343,"21","2024",890,8,0,"2022-12-16 11:45:52 -0500","ocd-division/country:us/state:mi","731 Hart Senate Office Building","202-224-4822","MI","1","senior","S284",0.9,99.55,0.45,,,,
"S001198","Senator, 2nd Class","Sen.","https://api.propublica.org/congress/v1/members/S001198.json","Dan","Sullivan","1964-11-13","M","R",,"SenDanSullivan","SenDanSullivan",,"412665","1023262","114964","41500","N00035774","/m/07s4r4q","S4AK00214","https://www.sullivan.senate.gov","https://www.sullivan.senate.gov/contact/email",false,0.484,"7","2026",890,53,0,"2022-12-20 16:22:05 -0500","ocd-division/country:us/state:ak","302 Hart Senate Office Building","202-224-3004","AK","2","junior","S383",5.96,87.89,12.11,,,,
"T000464","Senator, 1st Class","Sen.","https://api.propublica.org/congress/v1/members/T000464.json","Jon","Tester","1956-08-21","M","D",,"SenatorTester","senatortester","senatorjontester","412244","1020176","20928","40702","N00027605","/m/066cdp","S6MT00162","https://www.tester.senate.gov","https://www.tester.senate.gov/?p=email_senator",false,-0.215,"15","2024",890,2,0,"2022-12-20 11:45:56 -0500","ocd-division/country:us/state:mt","311 Hart Senate Office Building","202-224-2644","MT","1","senior","S314",0.22,97.86,2.14,"https://www.tester.senate.gov/rss/",,,
"T000250","Senator, 3rd Class","Sen.","https://api.propublica.org/congress/v1/members/T000250.json","John","Thune","1961-01-07","M","R","Senate Majority Whip","SenJohnThune",,"johnthune","400546","45552","398","29754","N00004572","/m/03ybyn","S2SD00068","https://www.thune.senate.gov","http://www.thune.senate.gov/public/index.cfm/contact",false,0.43,"17","2022",890,9,0,"2022-12-20 11:45:53 -0500","ocd-division/country:us/state:sd","511 Dirksen Senate Office Building","202-224-2321","SD","3","senior","S303",1.01,95.73,4.27,"https://www.thune.senate.gov/public/?a=RSS.Feed","202-228-5429",,
"T000476","Senator, 2nd Class","Sen.","https://api.propublica.org/congress/v1/members/T000476.json","Thom","Tillis","1960-08-30","M","R",,"senthomtillis","SenatorThomTillis",,"412668","77055","57717","41504","N00035492","/m/0fq0395","S4NC00162","https://www.tillis.senate.gov","https://www.tillis.senate.gov/public/index.cfm/email-me",false,0.401,"7","2026",890,51,0,"2022-12-20 11:45:54 -0500","ocd-division/country:us/state:nc","113 Dirksen Senate Office Building","202-224-6342","NC","2","junior","S384",5.73,79.78,20.22,,,,
"T000461","Senator, 3rd Class","Sen.","https://api.propublica.org/congress/v1/members/T000461.json","Patrick","Toomey","1961-11-17","M","R","","SenToomey","senatortoomey","sentoomey","400408","7958","24096","29935","N00001489","/m/02_kk7","S4PA00121","https://www.toomey.senate.gov","https://www.toomey.senate.gov/?p=contact",false,0.625,"11","2022",890,103,0,"2022-12-20 11:45:43 -0500","ocd-division/country:us/state:pa","248 Russell Senate Office Building","202-224-4254","PA","3","junior","S351",11.57,88.76,11.24,,"202-228-0284","J.",
"T000278","Senator, 2nd Class","Sen.","https://api.propublica.org/congress/v1/members/T000278.json","Tommy","Tuberville","1954-09-18","M","R",,"SenTuberville",,,"456796",,"188306",,"N00044434","/m/04tmr4","S0AL00230","https://www.tuberville.senate.gov","",false,,"1","2026",890,19,0,"2022-12-16 11:45:53 -0500","ocd-division/country:us/state:al","B40a Dirksen Senate Office Building","202-224-4124","AL","2","junior","S412",2.13,90.02,9.98,"https://www.tuberville.senate.gov/feed/?post_type=press_releases",,,
"V000128","Senator, 3rd Class","Sen.","https://api.propublica.org/congress/v1/members/V000128.json","Chris","Van Hollen","1959-01-10","M","D",,"ChrisVanHollen","chrisvanhollen","RepChrisVanHollen","400415","20756","6098","20330","N00013820","/m/025kb5","H2MD08126","https://www.vanhollen.senate.gov","http://www.vanhollen.senate.gov/contact/email",false,-0.391,"5","2022",890,48,0,"2022-12-16 11:45:53 -0500","ocd-division/country:us/state:md","110 Hart Senate Office Building","202-224-4654","MD","3","junior","S390",5.39,99.76,0.24,,"202-225-0375",,
"W000805","Senator, 2nd Class","Sen.","https://api.propublica.org/congress/v1/members/W000805.json","Mark","Warner","1954-12-15","M","D",,"MarkWarner","MarkRWarner","SenatorMarkWarner","412321","7630","535","40909","N00002097","/m/024mm1","S6VA00093","https://www.warner.senate.gov","http://www.warner.senate.gov/public/index.cfm?p=Contact",false,-0.204,"13","2026",890,11,0,"2022-12-16 11:45:53 -0500","ocd-division/country:us/state:va","703 Hart Senate Office Building","202-224-2023","VA","2","senior","S327",1.24,99.66,0.34,"https://www.warner.senate.gov/public/?a=RSS.Feed",,,
"W000790","Senator, 3rd Class","Sen.","https://api.propublica.org/congress/v1/members/W000790.json","Raphael","Warnock","1969-07-23","M","D",,"SenatorWarnock",,,"456858",,"189794",,"N00046489","/g/11b5lw9q73","S0GA00559","https://www.warnock.senate.gov",,false,,"1","2022",888,28,0,"2023-01-03 08:09:53 -0500","ocd-division/country:us/state:ga",,,"GA","3","","S415",3.15,98.6,1.4,"https://www.warnock.senate.gov/media/press-releases/feed/",,,
"W000817","Senator, 1st Class","Sen.","https://api.propublica.org/congress/v1/members/W000817.json","Elizabeth","Warren","1949-06-22","F","D",,"SenWarren","senatorelizabethwarren","senelizabethwarren","412542","1023023","141272","41301","N00033492","/m/01qh39","S2MA00170","https://www.warren.senate.gov","https://www.warren.senate.gov/?p=email_senator",false,-0.753,"9","2024",890,6,0,"2022-12-20 11:45:54 -0500","ocd-division/country:us/state:ma","309 Hart Senate Office Building","202-224-4543","MA","1","senior","S366",0.67,97.85,2.15,"https://www.warren.senate.gov/rss/",,,
"W000802","Senator, 1st Class","Sen.","https://api.propublica.org/congress/v1/members/W000802.json","Sheldon","Whitehouse","1955-10-20","M","D",,"SenWhitehouse","SenatorWhitehouse","SenatorWhitehouse","412247","92235","2572","40704","N00027533","/m/07qw94","S6RI00221","https://www.whitehouse.senate.gov","https://www.whitehouse.senate.gov/contact/email-sheldon",false,-0.355,"15","2024",890,12,0,"2022-12-20 11:45:53 -0500","ocd-division/country:us/state:ri","530 Hart Senate Office Building","202-224-2921","RI","1","junior","S316",1.35,99.32,0.68,"https://www.whitehouse.senate.gov/rss/feeds/?type=all&cachebuster=1",,,
"W000437","Senator, 1st Class","Sen.","https://api.propublica.org/congress/v1/members/W000437.json","Roger","Wicker","1951-07-05","M","R",,"SenatorWicker","SenatorWicker","SenatorWicker","400432","18203","21926","29534","N00003280","/m/025xxb","H4MS01078","https://www.wicker.senate.gov","https://www.wicker.senate.gov/public/index.cfm/contact",false,0.377,"15","2024",890,13,0,"2022-12-15 06:49:04 -0500","ocd-division/country:us/state:ms","555 Dirksen Senate Office Building","202-224-6253","MS","1","senior","S318",1.46,89.86,10.14,"https://www.wicker.senate.gov/public/?a=rss.feed",,,
"W000779","Senator, 3rd Class","Sen.","https://api.propublica.org/congress/v1/members/W000779.json","Ron","Wyden","1949-05-03","M","D",,"RonWyden",,"senronwyden","300100","1962","27036","14871","N00007724","/m/0178p9","S6OR00110","https://www.wyden.senate.gov","https://www.wyden.senate.gov/contact/",false,-0.33,"26","2022",890,9,0,"2022-12-20 11:45:53 -0500","ocd-division/country:us/state:or","221 Dirksen Senate Office Building","202-224-5244","OR","3","senior","S247",1.01,99.09,0.91,,"202-228-2717",,
"Y000064","Senator, 3rd Class","Sen.","https://api.propublica.org/congress/v1/members/Y000064.json","Todd","Young","1972-08-24","M","R",,"SenToddYoung","SenatorToddYoung","RepToddYoung","412428","1033743","120345","21133","N00030670","/m/0ds030m","H0IN09070","https://www.young.senate.gov","https://www.young.senate.gov/contact",false,0.455,"5","2022",890,24,0,"2022-12-16 11:45:53 -0500","ocd-division/country:us/state:in","185 Dirksen Senate Office Building","202-224-5623","IN","3","senior","S391",2.7,86.75,13.25,,"202-226-6866",,