symbol,date,open,high,low,close,volume,year,month,week,weekday
"PVP","2016-12-20","10.3","10.3","10.3","10.3","1000","2016","12","52","Tuesday"
"PVP","2016-12-21","11.84","11.84","11.84","11.84","3000","2016","12","52","Wednesday"
"PVP","2016-12-22","13.58","13.58","13.58","13.58","6900","2016","12","52","Thursday"
"PVP","2016-12-23","15.58","15.58","13.78","13.91","7200","2016","12","52","Friday"
"PVP","2016-12-26","15.72","15.72","13.04","13.04","1500","2016","12","53","Monday"
"PVP","2016-12-27","12.57","12.57","12.57","12.57","500","2016","12","53","Tuesday"
"PVP","2016-12-30","10.7","10.7","10.7","10.7","100","2016","12","53","Friday"
"PVP","2017-01-05","9.1","9.1","9.1","9.1","3700","2017","01","1","Thursday"
"PVP","2017-01-24","7.76","7.76","7.76","7.76","200","2017","01","4","Tuesday"
"PVP","2017-01-25","6.62","6.62","6.62","6.62","200","2017","01","4","Wednesday"
"PVP","2017-02-06","5.68","5.68","5.68","5.68","100","2017","02","6","Monday"
"PVP","2017-02-07","4.88","4.88","4.88","4.88","100","2017","02","6","Tuesday"
"PVP","2017-02-08","4.21","4.21","4.21","4.21","4800","2017","02","6","Wednesday"
"PVP","2017-02-09","4.82","4.82","4.21","4.21","4700","2017","02","6","Thursday"
"PVP","2017-02-10","4.82","4.82","4.21","4.21","200","2017","02","6","Friday"
"PVP","2017-02-13","4.35","4.35","4.35","4.35","2000","2017","02","7","Monday"
"PVP","2017-02-14","4.35","4.35","4.35","4.35","100","2017","02","7","Tuesday"
"PVP","2017-02-15","4.01","4.95","4.01","4.95","2800","2017","02","7","Wednesday"
"PVP","2017-02-16","4.68","4.68","4.68","4.68","600","2017","02","7","Thursday"
"PVP","2017-02-17","5.35","5.35","5.35","5.35","100","2017","02","7","Friday"
"PVP","2017-02-20","6.02","6.15","6.02","6.15","500","2017","02","8","Monday"
"PVP","2017-02-21","6.09","6.09","6.02","6.09","3400","2017","02","8","Tuesday"
"PVP","2017-02-23","5.22","5.22","5.22","5.22","300","2017","02","8","Thursday"
"PVP","2017-02-24","4.48","4.48","4.48","4.48","3000","2017","02","8","Friday"
"PVP","2017-02-27","5.15","5.15","5.15","5.15","500","2017","02","9","Monday"
"PVP","2017-02-28","5.89","5.89","5.89","5.89","200","2017","02","9","Tuesday"
"PVP","2017-03-02","5.82","5.82","5.68","5.68","6200","2017","03","9","Thursday"
"PVP","2017-03-06","5.35","5.35","4.95","4.95","3000","2017","03","10","Monday"
"PVP","2017-03-07","5.75","5.75","5.75","5.75","200","2017","03","10","Tuesday"
"PVP","2017-03-09","5.02","5.02","5.02","5.02","100","2017","03","10","Thursday"
"PVP","2017-03-10","5.68","5.68","5.68","5.68","100","2017","03","10","Friday"
"PVP","2017-03-14","6.09","6.09","6.09","6.09","100","2017","03","11","Tuesday"
"PVP","2017-03-22","5.22","6.02","5.22","6.02","200","2017","03","12","Wednesday"
"PVP","2017-03-24","4.68","5.28","4.68","5.28","800","2017","03","12","Friday"
"PVP","2017-03-27","4.35","5.28","4.35","5.22","1300","2017","03","13","Monday"
"PVP","2017-03-28","5.48","5.48","5.48","5.48","300","2017","03","13","Tuesday"
"PVP","2017-03-29","6.02","6.02","5.62","5.62","200","2017","03","13","Wednesday"
"PVP","2017-03-30","5.95","5.95","5.95","5.95","140","2017","03","13","Thursday"
"PVP","2017-04-27","5.35","5.95","5.08","5.08","1300","2017","04","17","Thursday"
"PVP","2017-04-28","5.89","5.89","4.62","4.62","5700","2017","04","17","Friday"
"PVP","2017-05-04","4.68","4.68","4.68","4.68","500","2017","05","18","Thursday"
"PVP","2017-05-08","5.28","5.28","5.28","5.28","500","2017","05","19","Monday"
"PVP","2017-05-09","4.55","4.55","4.55","4.55","8300","2017","05","19","Tuesday"
"PVP","2017-05-10","5.15","5.15","5.15","5.15","500","2017","05","19","Wednesday"
"PVP","2017-05-16","4.68","4.68","4.68","4.68","500","2017","05","20","Tuesday"
"PVP","2017-05-17","5.28","5.28","4.01","4.01","300","2017","05","20","Wednesday"
"PVP","2017-05-18","4.68","4.68","4.35","4.35","1400","2017","05","20","Thursday"
"PVP","2017-05-19","3.81","4.48","3.81","4.48","1800","2017","05","20","Friday"
"PVP","2017-05-22","4.48","4.48","4.48","4.48","300","2017","05","21","Monday"
"PVP","2017-05-23","5.08","5.08","5.08","5.08","200","2017","05","21","Tuesday"
"PVP","2017-05-30","5.08","5.68","5.08","5.68","1600","2017","05","22","Tuesday"
"PVP","2017-05-31","4.55","5.68","4.55","5.62","2000","2017","05","22","Wednesday"
"PVP","2017-06-29","5.08","6.02","5.08","5.95","2000","2017","06","26","Thursday"
"PVP","2017-06-30","6.02","6.02","6.02","6.02","500","2017","06","26","Friday"
"PVP","2017-07-28","5.15","5.15","5.15","5.15","100","2017","07","30","Friday"
"PVP","2017-07-31","4.41","5.35","4.41","5.35","1400","2017","07","31","Monday"
"PVP","2017-08-01","4.28","4.28","4.28","4.28","800","2017","08","31","Tuesday"
"PVP","2017-08-02","4.88","4.88","4.88","4.88","100","2017","08","31","Wednesday"
"PVP","2017-08-03","5.48","5.48","5.48","5.48","300","2017","08","31","Thursday"
"PVP","2017-08-16","4.68","4.68","4.68","4.68","100","2017","08","33","Wednesday"
"PVP","2017-08-17","4.01","5.15","4.01","5.15","2900","2017","08","33","Thursday"
"PVP","2017-08-18","3.48","4.62","3.48","3.48","700","2017","08","33","Friday"
"PVP","2017-08-21","3.41","4.28","3.41","4.28","1300","2017","08","34","Monday"
"PVP","2017-08-22","3.48","3.48","3.48","3.48","3200","2017","08","34","Tuesday"
"PVP","2017-08-24","3.01","3.88","3.01","3.01","700","2017","08","34","Thursday"
"PVP","2017-08-25","3.81","3.81","3.01","3.01","200","2017","08","34","Friday"
"PVP","2017-08-28","3.81","3.88","3.81","3.88","1500","2017","08","35","Monday"
"PVP","2017-08-29","3.34","4.28","3.34","4.28","300","2017","08","35","Tuesday"
"PVP","2017-08-30","4.28","4.28","4.28","4.28","200","2017","08","35","Wednesday"
"PVP","2017-09-25","3.68","3.68","3.68","3.68","2600","2017","09","39","Monday"
"PVP","2017-09-26","3.14","3.14","3.14","3.14","1000","2017","09","39","Tuesday"
"PVP","2017-09-29","3.48","3.48","3.48","3.48","100","2017","09","39","Friday"
"PVP","2017-10-02","3.61","3.61","3.61","3.61","200","2017","10","40","Monday"
"PVP","2017-10-05","3.08","3.14","3.08","3.14","300","2017","10","40","Thursday"
"PVP","2017-10-06","3.28","3.28","3.28","3.28","500","2017","10","40","Friday"
"PVP","2017-10-09","2.81","2.81","2.81","2.81","2000","2017","10","41","Monday"
"PVP","2017-10-10","3.21","3.21","3.21","3.21","100","2017","10","41","Tuesday"
"PVP","2017-10-12","3.01","3.01","3.01","3.01","100","2017","10","41","Thursday"
"PVP","2017-10-23","3.34","3.34","3.34","3.34","100","2017","10","43","Monday"
"PVP","2017-10-25","2.88","2.88","2.88","2.88","1900","2017","10","43","Wednesday"
"PVP","2017-11-06","2.74","2.74","2.74","2.74","1000","2017","11","45","Monday"
"PVP","2017-11-08","2.88","2.88","2.88","2.88","900","2017","11","45","Wednesday"
"PVP","2017-11-10","3.28","3.28","3.28","3.28","1100","2017","11","45","Friday"
"PVP","2017-11-15","3.75","3.75","3.75","3.75","100","2017","11","46","Wednesday"
"PVP","2017-11-16","4.15","4.15","4.15","4.15","100","2017","11","46","Thursday"
"PVP","2017-11-17","4.01","4.01","4.01","4.01","1000","2017","11","46","Friday"
"PVP","2017-11-22","3.68","3.68","3.68","3.68","100","2017","11","47","Wednesday"
"PVP","2017-11-27","3.14","4.15","3.14","4.15","600","2017","11","48","Monday"
"PVP","2017-12-20","3.34","3.34","3.34","3.34","400","2017","12","51","Wednesday"
"PVP","2017-12-21","3.34","3.34","3.34","3.34","1000","2017","12","51","Thursday"
"PVP","2017-12-22","3.34","3.34","3.34","3.34","1360","2017","12","51","Friday"
"PVP","2017-12-27","3.34","3.34","3.01","3.01","1900","2017","12","52","Wednesday"
"PVP","2017-12-29","3.28","3.28","3.01","3.28","1500","2017","12","52","Friday"
"PVP","2018-01-03","3.08","3.08","3.08","3.08","920","2018","01","1","Wednesday"
"PVP","2018-01-04","3.01","3.01","3.01","3.01","800","2018","01","1","Thursday"
"PVP","2018-01-09","3.01","3.01","3.01","3.01","5200","2018","01","2","Tuesday"
"PVP","2018-01-15","3.34","3.34","3.34","3.34","200","2018","01","3","Monday"
"PVP","2018-01-19","3.34","3.34","3.34","3.34","100","2018","01","3","Friday"
"PVP","2018-01-25","3.81","3.81","3.81","3.81","2900","2018","01","4","Thursday"
"PVP","2018-01-26","4.35","4.35","4.35","4.35","2660","2018","01","4","Friday"
"PVP","2018-01-29","4.68","4.95","4.68","4.95","22900","2018","01","5","Monday"
"PVP","2018-01-30","5.48","5.55","5.48","5.55","3100","2018","01","5","Tuesday"
"PVP","2018-01-31","6.29","6.29","6.29","6.29","4200","2018","01","5","Wednesday"
"PVP","2018-02-01","7.22","7.22","7.22","7.22","26610","2018","02","5","Thursday"
"PVP","2018-02-02","8.29","8.29","7.22","7.22","7400","2018","02","5","Friday"
"PVP","2018-02-07","6.69","6.69","6.69","6.69","3400","2018","02","6","Wednesday"
"PVP","2018-02-08","5.68","5.68","5.68","5.68","12100","2018","02","6","Thursday"
"PVP","2018-02-09","4.88","4.88","4.88","4.88","9010","2018","02","6","Friday"
"PVP","2018-02-13","5.55","5.55","5.55","5.55","1000","2018","02","7","Tuesday"
"PVP","2018-02-23","4.75","4.75","4.75","4.75","400","2018","02","8","Friday"
"PVP","2018-02-27","5.28","5.35","4.68","4.68","400","2018","02","9","Tuesday"
"PVP","2018-02-28","4.41","4.48","4.41","4.41","2800","2018","02","9","Wednesday"
"PVP","2018-03-01","4.88","4.95","4.88","4.95","400","2018","03","9","Thursday"
"PVP","2018-03-05","4.62","4.68","4.62","4.68","9000","2018","03","10","Monday"
"PVP","2018-03-06","5.28","5.28","5.02","5.02","1600","2018","03","10","Tuesday"
"PVP","2018-03-07","5.02","5.02","5.02","5.02","610","2018","03","10","Wednesday"
"PVP","2018-03-12","4.68","4.68","4.68","4.68","5000","2018","03","11","Monday"
"PVP","2018-03-15","4.35","5.08","4.35","5.08","1400","2018","03","11","Thursday"
"PVP","2018-03-16","4.55","4.55","4.55","4.55","500","2018","03","11","Friday"
"PVP","2018-03-20","3.88","3.88","3.88","3.88","1000","2018","03","12","Tuesday"
"PVP","2018-03-21","4.41","4.41","4.41","4.41","300","2018","03","12","Wednesday"
"PVP","2018-03-22","5.02","5.02","5.02","5.02","160","2018","03","12","Thursday"
"PVP","2018-03-23","5.35","5.42","5.02","5.02","4000","2018","03","12","Friday"
"PVP","2018-03-26","5.68","5.68","5.68","5.68","200","2018","03","13","Monday"
"PVP","2018-03-29","4.88","4.88","4.88","4.88","4300","2018","03","13","Thursday"
"PVP","2018-03-30","4.21","4.21","4.21","4.21","2700","2018","03","13","Friday"
"PVP","2018-04-03","4.21","4.21","4.21","4.21","458","2018","04","14","Tuesday"
"PVP","2018-04-05","4.21","4.21","4.21","4.21","802","2018","04","14","Thursday"
"PVP","2018-04-06","4.21","4.21","4.01","4.01","2647","2018","04","14","Friday"
"PVP","2018-04-09","4.01","4.01","4.01","4.01","3600","2018","04","15","Monday"
"PVP","2018-04-10","4.01","4.01","4.01","4.01","1140","2018","04","15","Tuesday"
"PVP","2018-04-13","4.01","4.01","4.01","4.01","2200","2018","04","15","Friday"
"PVP","2018-04-16","3.68","4.62","3.68","4.62","13260","2018","04","16","Monday"
"PVP","2018-04-17","4.01","4.01","3.95","3.95","4800","2018","04","16","Tuesday"
"PVP","2018-04-20","3.95","4.35","3.95","3.95","1400","2018","04","16","Friday"
"PVP","2018-04-23","3.95","4.01","3.95","4.01","2100","2018","04","17","Monday"
"PVP","2018-05-11","4.01","4.01","4.01","4.01","12000","2018","05","19","Friday"
"PVP","2018-05-14","4.01","4.01","4.01","4.01","2300","2018","05","20","Monday"
"PVP","2018-05-25","4.15","4.15","4.01","4.01","1200","2018","05","21","Friday"
"PVP","2018-05-29","4.01","4.01","4.01","4.01","2000","2018","05","22","Tuesday"
"PVP","2018-06-01","4.01","4.01","4.01","4.01","300","2018","06","22","Friday"
"PVP","2018-06-04","4.35","4.35","4.35","4.35","2500","2018","06","23","Monday"
"PVP","2018-06-07","4.95","4.95","4.95","4.95","100","2018","06","23","Thursday"
"PVP","2018-06-13","4.21","4.21","4.21","4.21","300","2018","06","24","Wednesday"
"PVP","2018-06-14","4.68","4.68","4.68","4.68","100","2018","06","24","Thursday"
"PVP","2018-07-10","4.01","4.01","4.01","4.01","2000","2018","07","28","Tuesday"
"PVP","2018-07-11","3.41","4.01","3.41","4.01","9600","2018","07","28","Wednesday"
"PVP","2018-07-16","3.41","3.41","3.41","3.41","100","2018","07","29","Monday"
"PVP","2018-07-17","3.88","3.88","3.41","3.41","200","2018","07","29","Tuesday"
"PVP","2018-07-18","4.15","4.15","3.68","3.68","200","2018","07","29","Wednesday"
"PVP","2018-07-19","4.35","4.35","3.48","3.48","260","2018","07","29","Thursday"
"PVP","2018-07-25","4.15","4.15","4.15","4.15","100","2018","07","30","Wednesday"
"PVP","2018-07-26","4.01","4.01","4.01","4.01","200","2018","07","30","Thursday"
"PVP","2018-08-01","4.35","4.35","4.35","4.35","100","2018","08","31","Wednesday"
"PVP","2018-08-09","3.75","4.28","3.75","4.28","200","2018","08","32","Thursday"
"PVP","2018-08-10","3.41","3.88","3.41","3.88","17400","2018","08","32","Friday"
"PVP","2018-08-14","3.48","3.48","3.48","3.48","200","2018","08","33","Tuesday"
"PVP","2018-08-16","3.21","3.21","3.21","3.21","500","2018","08","33","Thursday"
"PVP","2018-08-17","3.41","3.41","3.34","3.34","2200","2018","08","33","Friday"
"PVP","2018-08-20","3.88","3.88","3.88","3.88","1000","2018","08","34","Monday"
"PVP","2018-08-27","3.88","3.88","3.88","3.88","5713","2018","08","35","Monday"
"PVP","2018-08-30","3.68","3.68","3.68","3.68","120","2018","08","35","Thursday"
"PVP","2018-09-06","3.21","3.21","3.21","3.21","1057","2018","09","36","Thursday"
"PVP","2018-09-11","3.61","3.68","3.61","3.68","2000","2018","09","37","Tuesday"
"PVP","2018-09-14","3.88","3.88","3.88","3.88","3000","2018","09","37","Friday"
"PVP","2018-09-17","3.81","3.81","3.81","3.81","1300","2018","09","38","Monday"
"PVP","2018-09-18","3.81","3.81","3.81","3.81","1200","2018","09","38","Tuesday"
"PVP","2018-09-19","3.68","3.88","3.68","3.88","5033","2018","09","38","Wednesday"
"PVP","2018-09-20","3.88","3.88","3.81","3.81","18000","2018","09","38","Thursday"
"PVP","2018-09-25","4.28","4.28","4.28","4.28","100","2018","09","39","Tuesday"
"PVP","2018-09-26","3.95","4.08","3.68","3.68","6400","2018","09","39","Wednesday"
"PVP","2018-09-27","3.68","3.68","3.68","3.68","2800","2018","09","39","Thursday"
"PVP","2018-09-28","4.21","4.21","4.21","4.21","100","2018","09","39","Friday"
"PVP","2018-10-02","3.68","3.88","3.68","3.88","3800","2018","10","40","Tuesday"
"PVP","2018-10-04","4.21","4.21","4.21","4.21","5327","2018","10","40","Thursday"
"PVP","2018-10-08","3.68","3.68","3.68","3.68","500","2018","10","41","Monday"
"PVP","2018-10-09","3.68","3.68","3.68","3.68","500","2018","10","41","Tuesday"
"PVP","2018-10-12","3.68","3.68","3.68","3.68","400","2018","10","41","Friday"
"PVP","2018-10-18","3.68","3.68","3.68","3.68","700","2018","10","42","Thursday"
"PVP","2018-10-22","4.21","4.21","4.21","4.21","500","2018","10","43","Monday"
"PVP","2018-10-24","3.61","3.61","3.61","3.61","3010","2018","10","43","Wednesday"
"PVP","2018-10-25","3.68","3.68","3.68","3.68","2307","2018","10","43","Thursday"
"PVP","2018-10-30","3.21","3.21","3.21","3.21","1300","2018","10","44","Tuesday"
"PVP","2018-10-31","3.54","3.54","3.54","3.54","1920","2018","10","44","Wednesday"
"PVP","2018-11-01","3.88","3.88","3.88","3.88","100","2018","11","44","Thursday"
"PVP","2018-11-06","3.88","3.88","3.88","3.88","100","2018","11","45","Tuesday"
"PVP","2018-11-13","3.41","3.88","3.41","3.88","1900","2018","11","46","Tuesday"
"PVP","2018-11-16","3.75","3.88","3.75","3.88","2500","2018","11","46","Friday"
"PVP","2018-11-20","3.88","3.88","3.88","3.88","1200","2018","11","47","Tuesday"
"PVP","2018-11-21","3.88","3.88","3.88","3.88","1000","2018","11","47","Wednesday"
"PVP","2018-11-22","3.95","3.95","3.95","3.95","6500","2018","11","47","Thursday"
"PVP","2018-11-23","3.95","3.95","3.95","3.95","500","2018","11","47","Friday"
"PVP","2018-11-26","3.95","3.95","3.95","3.95","100","2018","11","48","Monday"
"PVP","2018-11-27","3.88","3.88","3.88","3.88","5300","2018","11","48","Tuesday"
"PVP","2018-11-29","3.88","3.88","3.88","3.88","20","2018","11","48","Thursday"
"PVP","2018-11-30","3.88","3.88","3.88","3.88","2000","2018","11","48","Friday"
"PVP","2018-12-06","3.88","3.88","3.88","3.88","200","2018","12","49","Thursday"
"PVP","2018-12-07","4.41","4.41","4.41","4.41","100","2018","12","49","Friday"
"PVP","2018-12-10","4.95","5.02","4.95","5.02","1000","2018","12","50","Monday"
"PVP","2018-12-11","5.02","5.02","5.02","5.02","800","2018","12","50","Tuesday"
"PVP","2018-12-12","4.68","4.68","4.68","4.68","2010","2018","12","50","Wednesday"
"PVP","2018-12-13","4.68","4.75","4.68","4.68","27000","2018","12","50","Thursday"
"PVP","2018-12-17","4.68","4.68","4.68","4.68","18000","2018","12","51","Monday"
"PVP","2018-12-18","5.35","5.35","5.28","5.35","18160","2018","12","51","Tuesday"
"PVP","2018-12-19","5.35","5.35","5.35","5.35","4200","2018","12","51","Wednesday"
"PVP","2018-12-20","4.68","4.68","4.55","4.55","900","2018","12","51","Thursday"
"PVP","2018-12-21","4.62","4.62","4.62","4.62","200","2018","12","51","Friday"
"PVP","2018-12-24","4.68","4.68","4.68","4.68","12600","2018","12","52","Monday"
"PVP","2018-12-25","4.35","4.35","4.21","4.21","6000","2018","12","52","Tuesday"
"PVP","2018-12-26","4.68","4.68","3.95","4.01","800","2018","12","52","Wednesday"
"PVP","2018-12-27","4.68","4.68","4.08","4.08","12000","2018","12","52","Thursday"
"PVP","2018-12-28","4.08","4.68","4.08","4.68","3600","2018","12","52","Friday"
"PVP","2019-01-03","3.54","4.68","3.54","4.68","200","2019","01","1","Thursday"
"PVP","2019-01-07","4.01","4.01","4.01","4.01","500","2019","01","2","Monday"
"PVP","2019-01-08","4.01","4.01","4.01","4.01","100","2019","01","2","Tuesday"
"PVP","2019-01-11","4.35","4.35","4.35","4.35","1500","2019","01","2","Friday"
"PVP","2019-01-14","3.88","3.88","3.88","3.88","100","2019","01","3","Monday"
"PVP","2019-01-15","4.41","4.41","3.54","3.54","1400","2019","01","3","Tuesday"
"PVP","2019-01-17","4.08","4.08","4.08","4.08","1000","2019","01","3","Thursday"
"PVP","2019-01-18","4.01","4.01","4.01","4.01","2200","2019","01","3","Friday"
"PVP","2019-01-21","4.01","4.01","4.01","4.01","2200","2019","01","4","Monday"
"PVP","2019-01-24","4.01","4.01","4.01","4.01","164","2019","01","4","Thursday"
"PVP","2019-01-25","4.01","4.01","4.01","4.01","2236","2019","01","4","Friday"
"PVP","2019-01-29","3.75","3.75","3.75","3.75","1300","2019","01","5","Tuesday"
"PVP","2019-01-30","4.28","4.28","4.28","4.28","3210","2019","01","5","Wednesday"
"PVP","2019-01-31","4.62","4.62","4.62","4.62","1000","2019","01","5","Thursday"
"PVP","2019-02-01","4.62","4.62","4.62","4.62","10","2019","02","5","Friday"
"PVP","2019-02-11","4.01","4.01","4.01","4.01","210","2019","02","7","Monday"
"PVP","2019-02-14","4.08","4.08","4.01","4.08","2460","2019","02","7","Thursday"
"PVP","2019-02-15","4.35","4.35","4.08","4.08","2200","2019","02","7","Friday"
"PVP","2019-02-18","4.35","4.35","4.35","4.35","1200","2019","02","8","Monday"
"PVP","2019-02-19","4.35","4.35","4.35","4.35","1300","2019","02","8","Tuesday"
"PVP","2019-02-22","4.35","4.35","4.35","4.35","20","2019","02","8","Friday"
"PVP","2019-02-25","4.35","4.35","4.35","4.35","1000","2019","02","9","Monday"
"PVP","2019-03-01","4.35","4.35","4.35","4.35","200","2019","03","9","Friday"
"PVP","2019-03-05","4.35","4.35","4.15","4.28","3260","2019","03","10","Tuesday"
"PVP","2019-03-06","4.28","4.28","4.28","4.28","1040","2019","03","10","Wednesday"
"PVP","2019-03-13","4.35","4.35","4.35","4.35","1000","2019","03","11","Wednesday"
"PVP","2019-03-14","4.28","4.28","4.28","4.28","1100","2019","03","11","Thursday"
"PVP","2019-03-15","4.28","4.68","4.28","4.68","8530","2019","03","11","Friday"
"PVP","2019-03-18","4.41","4.41","4.21","4.21","3000","2019","03","12","Monday"
"PVP","2019-03-20","4.21","4.95","4.21","4.95","4500","2019","03","12","Wednesday"
"PVP","2019-03-21","4.41","4.41","4.41","4.41","280","2019","03","12","Thursday"
"PVP","2019-03-22","4.08","4.08","4.08","4.08","2200","2019","03","12","Friday"
"PVP","2019-03-25","4.35","4.35","4.35","4.35","1020","2019","03","13","Monday"
"PVP","2019-03-26","4.35","4.41","4.35","4.41","1260","2019","03","13","Tuesday"
"PVP","2019-03-27","4.35","4.35","4.35","4.35","500","2019","03","13","Wednesday"
"PVP","2019-03-29","4.55","4.55","4.55","4.55","100","2019","03","13","Friday"
"PVP","2019-04-02","5.15","5.15","5.15","5.15","100","2019","04","14","Tuesday"
"PVP","2019-04-04","5.75","5.75","5.75","5.75","140","2019","04","14","Thursday"
"PVP","2019-04-08","4.95","4.95","4.95","4.95","200","2019","04","15","Monday"
"PVP","2019-04-09","5.62","5.62","5.62","5.62","100","2019","04","15","Tuesday"
"PVP","2019-04-12","4.82","5.22","4.82","5.22","600","2019","04","15","Friday"
"PVP","2019-04-17","5.15","5.22","5.15","5.22","40","2019","04","16","Wednesday"
"PVP","2019-04-18","5.22","5.22","5.02","5.02","800","2019","04","16","Thursday"
"PVP","2019-04-23","5.68","5.68","5.68","5.68","100","2019","04","17","Tuesday"
"PVP","2019-04-24","5.35","5.35","5.35","5.35","100","2019","04","17","Wednesday"
"PVP","2019-04-25","5.95","5.95","5.95","5.95","100","2019","04","17","Thursday"
"PVP","2019-05-03","6.62","6.62","6.62","6.62","100","2019","05","18","Friday"
"PVP","2019-05-13","5.75","5.75","5.75","5.75","200","2019","05","20","Monday"
"PVP","2019-05-17","5.02","5.02","4.95","4.95","12900","2019","05","20","Friday"
"PVP","2019-05-20","4.68","4.68","4.68","4.68","1700","2019","05","21","Monday"
"PVP","2019-05-22","4.68","4.68","4.68","4.68","47","2019","05","21","Wednesday"
"PVP","2019-05-23","4.68","4.68","4.68","4.68","4700","2019","05","21","Thursday"
"PVP","2019-05-24","4.68","4.75","4.68","4.75","600","2019","05","21","Friday"
"PVP","2019-05-27","4.88","4.88","4.88","4.88","100","2019","05","22","Monday"
"PVP","2019-05-29","4.75","4.75","4.68","4.68","1400","2019","05","22","Wednesday"
"PVP","2019-05-31","4.68","4.68","4.68","4.68","1000","2019","05","22","Friday"
"PVP","2019-06-03","4.68","4.68","4.68","4.68","63","2019","06","23","Monday"
"PVP","2019-06-04","4.68","5.08","4.68","4.68","15600","2019","06","23","Tuesday"
"PVP","2019-06-07","5.08","5.08","4.68","4.68","37","2019","06","23","Friday"
"PVP","2019-06-12","4.68","4.68","4.68","4.68","100","2019","06","24","Wednesday"
"PVP","2019-06-17","4.68","4.68","4.68","4.68","500","2019","06","25","Monday"
"PVP","2019-06-20","4.95","4.95","4.82","4.82","500","2019","06","25","Thursday"
"PVP","2019-06-21","4.75","4.75","4.75","4.75","563","2019","06","25","Friday"
"PVP","2019-06-24","4.88","4.88","4.88","4.88","200","2019","06","26","Monday"
"PVP","2019-06-25","4.88","4.88","4.88","4.88","47","2019","06","26","Tuesday"
"PVP","2019-06-26","5.58","5.58","5.5","5.5","700","2019","06","26","Wednesday"
"PVP","2019-06-28","6.28","6.28","5.89","5.89","200","2019","06","26","Friday"
"PVP","2019-07-01","5.27","5.97","5.27","5.27","4500","2019","07","27","Monday"
"PVP","2019-07-09","5.42","5.42","5.42","5.42","1400","2019","07","28","Tuesday"
"PVP","2019-07-10","5.35","5.35","5.35","5.35","1000","2019","07","28","Wednesday"
"PVP","2019-07-11","5.35","5.35","5.35","5.35","200","2019","07","28","Thursday"
"PVP","2019-07-12","5.35","5.35","5.35","5.35","300","2019","07","28","Friday"
"PVP","2019-07-16","5.35","5.35","5.35","5.35","2100","2019","07","29","Tuesday"
"PVP","2019-07-18","5.12","5.19","5.12","5.19","600","2019","07","29","Thursday"
"PVP","2019-07-23","5.42","5.42","4.96","4.96","300","2019","07","30","Tuesday"
"PVP","2019-07-31","5.5","5.5","5.5","5.5","100","2019","07","31","Wednesday"
"PVP","2019-08-01","4.73","4.73","4.73","4.73","500","2019","08","31","Thursday"
"PVP","2019-08-02","4.5","4.5","4.5","4.5","400","2019","08","31","Friday"
"PVP","2019-08-05","4.42","4.42","4.42","4.42","300","2019","08","32","Monday"
"PVP","2019-08-08","4.96","4.96","4.96","4.96","2800","2019","08","32","Thursday"
"PVP","2019-08-09","4.73","4.73","4.73","4.73","200","2019","08","32","Friday"
"PVP","2019-08-12","4.65","4.8","4.03","4.8","3400","2019","08","33","Monday"
"PVP","2019-08-14","4.65","4.65","4.65","4.65","6000","2019","08","33","Wednesday"
"PVP","2019-08-15","4.65","4.8","4.65","4.8","1900","2019","08","33","Thursday"
"PVP","2019-08-16","4.73","4.73","4.73","4.73","3700","2019","08","33","Friday"
"PVP","2019-08-21","4.96","4.96","4.96","4.96","1000","2019","08","34","Wednesday"
"PVP","2019-08-26","4.96","4.96","4.96","4.96","3100","2019","08","35","Monday"
"PVP","2019-08-27","5.12","5.35","5.12","5.35","400","2019","08","35","Tuesday"
"PVP","2019-08-29","5.5","5.58","5.5","5.58","300","2019","08","35","Thursday"
"PVP","2019-08-30","5.04","5.04","5.04","5.04","100","2019","08","35","Friday"
"PVP","2019-09-05","5.42","5.5","5.42","5.5","2600","2019","09","36","Thursday"
"PVP","2019-09-06","5.42","6.2","5.42","5.74","23600","2019","09","36","Friday"
"PVP","2019-09-09","5.5","6.04","5.5","5.97","74900","2019","09","37","Monday"
"PVP","2019-09-10","5.66","5.66","5.66","5.66","11600","2019","09","37","Tuesday"
"PVP","2019-09-11","5.5","5.58","5.5","5.58","600","2019","09","37","Wednesday"
"PVP","2019-09-12","5.42","5.42","5.35","5.42","4900","2019","09","37","Thursday"
"PVP","2019-09-13","5.35","5.5","5.35","5.5","800","2019","09","37","Friday"
"PVP","2019-09-16","5.5","5.58","5.5","5.58","500","2019","09","38","Monday"
"PVP","2019-09-17","5.58","5.58","5.58","5.58","100","2019","09","38","Tuesday"
"PVP","2019-09-18","5.66","5.81","5.66","5.66","17300","2019","09","38","Wednesday"
"PVP","2019-09-19","5.66","5.81","5.66","5.81","22700","2019","09","38","Thursday"
"PVP","2019-09-20","5.66","5.66","5.42","5.42","38700","2019","09","38","Friday"
"PVP","2019-09-23","5.66","5.66","5.5","5.5","21300","2019","09","39","Monday"
"PVP","2019-09-24","5.5","5.5","5.5","5.5","19600","2019","09","39","Tuesday"
"PVP","2019-09-25","5.5","5.5","5.42","5.5","11800","2019","09","39","Wednesday"
"PVP","2019-09-26","5.5","5.5","5.5","5.5","2000","2019","09","39","Thursday"
"PVP","2019-09-27","5.27","5.42","5.19","5.42","2200","2019","09","39","Friday"
"PVP","2019-09-30","5.42","5.42","5.42","5.42","500","2019","09","40","Monday"
"PVP","2019-10-01","5.35","5.35","5.35","5.35","800","2019","10","40","Tuesday"
"PVP","2019-10-02","5.35","5.35","5.35","5.35","9100","2019","10","40","Wednesday"
"PVP","2019-10-03","5.42","5.5","5.42","5.42","35500","2019","10","40","Thursday"
"PVP","2019-10-04","5.42","5.5","5.42","5.42","2000","2019","10","40","Friday"
"PVP","2019-10-07","5.42","5.42","5.42","5.42","3000","2019","10","41","Monday"
"PVP","2019-10-08","5.66","5.66","5.66","5.66","100","2019","10","41","Tuesday"
"PVP","2019-10-11","5.42","5.42","5.27","5.27","1000","2019","10","41","Friday"
"PVP","2019-10-14","5.5","5.5","5.5","5.5","200","2019","10","42","Monday"
"PVP","2019-10-15","5.27","5.5","5.27","5.5","800","2019","10","42","Tuesday"
"PVP","2019-10-16","5.35","5.35","5.19","5.35","11700","2019","10","42","Wednesday"
"PVP","2019-10-17","5.42","5.42","5.19","5.19","1000","2019","10","42","Thursday"
"PVP","2019-10-18","5.04","5.04","5.04","5.04","800","2019","10","42","Friday"
"PVP","2019-10-21","5.35","5.35","5.35","5.35","100","2019","10","43","Monday"
"PVP","2019-10-22","5.12","5.27","5.04","5.27","2500","2019","10","43","Tuesday"
"PVP","2019-10-23","5.12","5.27","5.12","5.27","9200","2019","10","43","Wednesday"
"PVP","2019-10-24","5.35","5.35","5.35","5.35","100","2019","10","43","Thursday"
"PVP","2019-10-28","5.19","5.27","5.19","5.27","4200","2019","10","44","Monday"
"PVP","2019-10-29","5.35","5.35","5.27","5.27","1100","2019","10","44","Tuesday"
"PVP","2019-10-31","5.27","5.27","5.04","5.04","400","2019","10","44","Thursday"
"PVP","2019-11-01","5.27","5.27","5.19","5.19","700","2019","11","44","Friday"
"PVP","2019-11-05","5.19","5.19","5.12","5.12","700","2019","11","45","Tuesday"
"PVP","2019-11-06","5.27","5.27","5.12","5.19","3600","2019","11","45","Wednesday"
"PVP","2019-11-07","5.35","5.35","5.04","5.27","300","2019","11","45","Thursday"
"PVP","2019-11-08","5.35","5.35","5.35","5.35","100","2019","11","45","Friday"
"PVP","2019-11-12","5.12","5.12","5.12","5.12","500","2019","11","46","Tuesday"
"PVP","2019-11-13","5.12","5.12","5.12","5.12","10700","2019","11","46","Wednesday"
"PVP","2019-11-14","5.12","5.12","5.04","5.04","2700","2019","11","46","Thursday"
"PVP","2019-11-15","5.12","5.12","4.42","4.42","102100","2019","11","46","Friday"
"PVP","2019-11-18","4.5","4.5","3.95","3.95","181900","2019","11","47","Monday"
"PVP","2019-11-19","4.03","4.03","4.03","4.03","11800","2019","11","47","Tuesday"
"PVP","2019-11-20","3.95","4.03","3.72","3.88","37800","2019","11","47","Wednesday"
"PVP","2019-11-21","3.64","4.34","3.33","3.64","1160900","2019","11","47","Thursday"
"PVP","2019-11-22","3.88","3.88","3.88","3.88","7200","2019","11","47","Friday"
"PVP","2019-11-25","3.95","4.42","3.72","4.03","40200","2019","11","48","Monday"
"PVP","2019-11-26","3.95","4.03","3.88","4.03","53700","2019","11","48","Tuesday"
"PVP","2019-11-27","3.88","4.34","3.88","4.18","56700","2019","11","48","Wednesday"
"PVP","2019-11-28","4.18","4.8","4.18","4.73","307500","2019","11","48","Thursday"
"PVP","2019-11-29","4.73","4.88","4.65","4.73","161100","2019","11","48","Friday"
"PVP","2019-12-02","4.8","4.8","4.42","4.65","37100","2019","12","49","Monday"
"PVP","2019-12-03","4.42","4.73","4.18","4.34","62800","2019","12","49","Tuesday"
"PVP","2019-12-04","4.65","5.12","4.26","4.57","63200","2019","12","49","Wednesday"
"PVP","2019-12-05","4.65","4.65","4.34","4.5","40100","2019","12","49","Thursday"
"PVP","2019-12-06","4.5","4.5","4.26","4.42","44600","2019","12","49","Friday"
"PVP","2019-12-09","4.42","4.57","4.26","4.34","22800","2019","12","50","Monday"
"PVP","2019-12-10","4.42","4.42","4.34","4.42","29100","2019","12","50","Tuesday"
"PVP","2019-12-11","4.42","4.42","4.26","4.34","38400","2019","12","50","Wednesday"
"PVP","2019-12-12","4.34","4.5","4.34","4.42","20700","2019","12","50","Thursday"
"PVP","2019-12-13","4.42","4.5","4.42","4.5","13900","2019","12","50","Friday"
"PVP","2019-12-16","4.65","4.65","4.42","4.5","14100","2019","12","51","Monday"
"PVP","2019-12-17","4.65","4.65","4.34","4.42","7500","2019","12","51","Tuesday"
"PVP","2019-12-18","4.34","4.42","4.34","4.42","2600","2019","12","51","Wednesday"
"PVP","2019-12-19","4.5","4.5","4.34","4.34","10900","2019","12","51","Thursday"
"PVP","2019-12-20","4.5","4.5","4.5","4.5","100","2019","12","51","Friday"
"PVP","2019-12-23","4.34","4.5","4.34","4.5","4400","2019","12","52","Monday"
"PVP","2019-12-24","4.42","4.42","4.34","4.42","6700","2019","12","52","Tuesday"
"PVP","2019-12-25","4.34","4.42","4.34","4.34","9700","2019","12","52","Wednesday"
"PVP","2019-12-26","4.5","4.57","4.34","4.57","24000","2019","12","52","Thursday"
"PVP","2019-12-27","4.57","4.57","4.26","4.42","3700","2019","12","52","Friday"
"PVP","2019-12-30","4.5","4.5","4.5","4.5","200","2019","12","1","Monday"
"PVP","2019-12-31","4.5","4.5","4.5","4.5","1100","2019","12","1","Tuesday"
"PVP","2020-01-02","4.26","4.42","4.26","4.42","2100","2020","01","1","Thursday"
"PVP","2020-01-03","4.34","4.42","4.34","4.42","2300","2020","01","1","Friday"
"PVP","2020-01-06","4.42","4.42","4.26","4.34","3000","2020","01","2","Monday"
"PVP","2020-01-07","4.26","4.34","4.11","4.34","6200","2020","01","2","Tuesday"
"PVP","2020-01-08","4.34","4.34","4.03","4.03","7400","2020","01","2","Wednesday"
"PVP","2020-01-09","4.11","4.26","4.11","4.26","1800","2020","01","2","Thursday"
"PVP","2020-01-10","4.34","4.34","4.18","4.18","15000","2020","01","2","Friday"
"PVP","2020-01-13","4.11","4.5","4.11","4.5","14800","2020","01","3","Monday"
"PVP","2020-01-14","4.18","4.34","4.18","4.34","6300","2020","01","3","Tuesday"
"PVP","2020-01-15","4.26","4.26","4.26","4.26","100","2020","01","3","Wednesday"
"PVP","2020-01-16","4.18","4.18","3.95","4.03","26200","2020","01","3","Thursday"
"PVP","2020-01-17","4.18","4.18","4.18","4.18","100","2020","01","3","Friday"
"PVP","2020-01-20","4.34","4.34","4.26","4.26","14500","2020","01","4","Monday"
"PVP","2020-01-21","4.34","4.34","4.26","4.34","33900","2020","01","4","Tuesday"
"PVP","2020-01-22","4.26","4.34","4.26","4.34","1200","2020","01","4","Wednesday"
"PVP","2020-01-30","4.34","4.34","4.26","4.26","2200","2020","01","5","Thursday"
"PVP","2020-01-31","4.34","4.34","4.18","4.18","15700","2020","01","5","Friday"
"PVP","2020-02-03","4.18","4.18","4.18","4.18","300","2020","02","6","Monday"
"PVP","2020-02-04","4.18","4.18","4.03","4.03","1400","2020","02","6","Tuesday"
"PVP","2020-02-05","4.11","4.26","4.11","4.18","19200","2020","02","6","Wednesday"
"PVP","2020-02-06","4.26","4.34","4.26","4.26","23400","2020","02","6","Thursday"
"PVP","2020-02-07","4.26","4.26","4.18","4.18","15000","2020","02","6","Friday"
"PVP","2020-02-10","4.18","4.42","4.18","4.42","16600","2020","02","7","Monday"
"PVP","2020-02-11","4.5","4.57","4.34","4.42","21100","2020","02","7","Tuesday"
"PVP","2020-02-12","4.42","4.42","4.34","4.42","13500","2020","02","7","Wednesday"
"PVP","2020-02-13","4.26","4.34","4.26","4.34","3300","2020","02","7","Thursday"
"PVP","2020-02-14","4.26","4.42","4.26","4.34","18500","2020","02","7","Friday"
"PVP","2020-02-17","4.42","4.42","4.34","4.42","12500","2020","02","8","Monday"
"PVP","2020-02-18","4.42","4.5","4.42","4.5","6600","2020","02","8","Tuesday"
"PVP","2020-02-19","4.5","4.5","4.42","4.42","1200","2020","02","8","Wednesday"
"PVP","2020-02-20","4.8","4.8","4.42","4.42","4500","2020","02","8","Thursday"
"PVP","2020-02-21","4.42","4.42","4.34","4.42","1400","2020","02","8","Friday"
"PVP","2020-02-24","4.34","4.42","4.26","4.26","43600","2020","02","9","Monday"
"PVP","2020-02-25","4.34","4.34","4.34","4.34","13100","2020","02","9","Tuesday"
"PVP","2020-02-26","4.26","4.42","4.26","4.34","5300","2020","02","9","Wednesday"
"PVP","2020-02-27","4.18","4.34","4.18","4.26","14600","2020","02","9","Thursday"
"PVP","2020-02-28","4.34","4.34","4.18","4.26","4500","2020","02","9","Friday"
"PVP","2020-03-02","4.34","4.42","4.26","4.42","16300","2020","03","10","Monday"
"PVP","2020-03-03","4.42","4.5","4.34","4.34","22200","2020","03","10","Tuesday"
"PVP","2020-03-04","4.26","4.57","4.26","4.34","9500","2020","03","10","Wednesday"
"PVP","2020-03-05","4.57","4.57","4.57","4.57","1000","2020","03","10","Thursday"
"PVP","2020-03-06","4.34","4.5","4.34","4.5","11100","2020","03","10","Friday"
"PVP","2020-03-09","4.26","4.26","3.72","3.95","40000","2020","03","11","Monday"
"PVP","2020-03-10","4.18","4.18","4.03","4.11","23600","2020","03","11","Tuesday"
"PVP","2020-03-11","4.26","4.26","3.88","4.03","13600","2020","03","11","Wednesday"
"PVP","2020-03-12","4.11","4.11","3.64","3.88","26400","2020","03","11","Thursday"
"PVP","2020-03-13","3.88","3.88","3.88","3.88","3200","2020","03","11","Friday"
"PVP","2020-03-16","4.03","4.03","3.88","3.95","2700","2020","03","12","Monday"
"PVP","2020-03-17","3.88","4.18","3.88","4.03","21800","2020","03","12","Tuesday"
"PVP","2020-03-18","3.88","3.95","3.88","3.95","2800","2020","03","12","Wednesday"
"PVP","2020-03-19","3.95","4.03","3.88","3.95","2200","2020","03","12","Thursday"
"PVP","2020-03-20","4.03","4.03","3.88","3.95","11300","2020","03","12","Friday"
"PVP","2020-03-23","4.03","4.03","3.88","3.88","3500","2020","03","13","Monday"
"PVP","2020-03-24","3.95","3.95","3.72","3.88","18500","2020","03","13","Tuesday"
"PVP","2020-03-25","3.95","3.95","3.88","3.95","7200","2020","03","13","Wednesday"
"PVP","2020-03-26","3.95","3.95","3.88","3.88","2600","2020","03","13","Thursday"
"PVP","2020-03-27","3.88","3.95","3.88","3.95","1900","2020","03","13","Friday"
"PVP","2020-03-30","3.88","3.88","3.8","3.88","11800","2020","03","14","Monday"
"PVP","2020-03-31","3.88","3.88","3.33","3.64","88800","2020","03","14","Tuesday"
"PVP","2020-04-01","3.64","3.72","3.56","3.64","64600","2020","04","14","Wednesday"
"PVP","2020-04-03","3.8","3.8","3.72","3.8","23900","2020","04","14","Friday"
"PVP","2020-04-06","3.8","3.88","3.72","3.72","41700","2020","04","15","Monday"
"PVP","2020-04-07","3.8","3.8","3.64","3.8","18500","2020","04","15","Tuesday"
"PVP","2020-04-08","3.64","3.72","3.64","3.72","2800","2020","04","15","Wednesday"
"PVP","2020-04-09","3.64","3.72","3.64","3.64","37600","2020","04","15","Thursday"
"PVP","2020-04-10","3.56","3.64","3.56","3.64","21100","2020","04","15","Friday"
"PVP","2020-04-13","3.72","3.72","3.64","3.64","17800","2020","04","16","Monday"
"PVP","2020-04-14","3.72","3.95","3.64","3.88","73200","2020","04","16","Tuesday"
"PVP","2020-04-15","3.95","3.95","3.88","3.88","22100","2020","04","16","Wednesday"
"PVP","2020-04-16","3.95","3.95","3.8","3.8","25300","2020","04","16","Thursday"
"PVP","2020-04-17","3.8","4.34","3.8","4.26","170600","2020","04","16","Friday"
"PVP","2020-04-20","4.5","4.8","4.5","4.65","172800","2020","04","17","Monday"
"PVP","2020-04-21","4.65","5.19","4.26","4.26","50200","2020","04","17","Tuesday"
"PVP","2020-04-22","4.03","4.18","4.03","4.18","32200","2020","04","17","Wednesday"
"PVP","2020-04-23","4.26","4.5","4.18","4.42","74400","2020","04","17","Thursday"
"PVP","2020-04-24","4.42","4.8","4.34","4.8","48400","2020","04","17","Friday"
"PVP","2020-04-27","4.73","4.88","4.57","4.57","34000","2020","04","18","Monday"
"PVP","2020-04-28","4.65","4.65","4.34","4.5","31900","2020","04","18","Tuesday"
"PVP","2020-04-29","4.57","4.57","4.26","4.34","34200","2020","04","18","Wednesday"
"PVP","2020-05-04","4.42","4.42","4.34","4.34","21000","2020","05","19","Monday"
"PVP","2020-05-05","4.34","4.42","4.26","4.26","11800","2020","05","19","Tuesday"
"PVP","2020-05-06","4.26","4.5","4.26","4.42","5900","2020","05","19","Wednesday"
"PVP","2020-05-07","4.42","4.42","4.34","4.42","32600","2020","05","19","Thursday"
"PVP","2020-05-08","4.42","4.42","4.42","4.42","58200","2020","05","19","Friday"
"PVP","2020-05-11","4.5","4.5","4.34","4.42","10100","2020","05","20","Monday"
"PVP","2020-05-12","4.42","4.5","4.42","4.42","17500","2020","05","20","Tuesday"
"PVP","2020-05-13","4.42","4.42","4.42","4.42","65300","2020","05","20","Wednesday"
"PVP","2020-05-14","4.42","4.5","4.34","4.34","30500","2020","05","20","Thursday"
"PVP","2020-05-15","4.42","4.57","4.34","4.5","22800","2020","05","20","Friday"
"PVP","2020-05-18","4.42","4.5","4.42","4.5","2800","2020","05","21","Monday"
"PVP","2020-05-19","4.42","4.5","4.42","4.5","46600","2020","05","21","Tuesday"
"PVP","2020-05-20","4.5","4.57","4.42","4.57","15000","2020","05","21","Wednesday"
"PVP","2020-05-21","4.57","4.8","4.57","4.73","51100","2020","05","21","Thursday"
"PVP","2020-05-22","4.65","4.65","4.57","4.65","28800","2020","05","21","Friday"
"PVP","2020-05-25","4.57","4.57","4.42","4.57","15400","2020","05","22","Monday"
"PVP","2020-05-26","4.57","4.65","4.57","4.57","24100","2020","05","22","Tuesday"
"PVP","2020-05-27","4.65","4.65","4.57","4.57","17800","2020","05","22","Wednesday"
"PVP","2020-05-28","4.65","4.65","4.65","4.65","35300","2020","05","22","Thursday"
"PVP","2020-05-29","4.73","4.73","4.65","4.73","2200","2020","05","22","Friday"
"PVP","2020-06-01","4.65","4.73","4.65","4.73","31300","2020","06","23","Monday"
"PVP","2020-06-02","4.8","4.8","4.65","4.65","31100","2020","06","23","Tuesday"
"PVP","2020-06-03","4.88","4.88","4.73","4.73","16600","2020","06","23","Wednesday"
"PVP","2020-06-04","4.8","4.8","4.65","4.73","15200","2020","06","23","Thursday"
"PVP","2020-06-05","4.73","4.73","4.65","4.73","2600","2020","06","23","Friday"
"PVP","2020-06-08","4.65","4.73","4.65","4.65","34800","2020","06","24","Monday"
"PVP","2020-06-09","4.57","4.73","4.57","4.65","61800","2020","06","24","Tuesday"
"PVP","2020-06-10","4.73","4.73","4.65","4.65","22300","2020","06","24","Wednesday"
"PVP","2020-06-11","4.73","4.73","4.65","4.65","33900","2020","06","24","Thursday"
"PVP","2020-06-12","4.57","4.65","4.5","4.65","10800","2020","06","24","Friday"
"PVP","2020-06-15","4.57","4.65","4.5","4.65","19700","2020","06","25","Monday"
"PVP","2020-06-16","4.57","4.73","4.57","4.73","25800","2020","06","25","Tuesday"
"PVP","2020-06-17","4.73","4.8","4.73","4.73","16400","2020","06","25","Wednesday"
"PVP","2020-06-18","4.73","4.73","4.73","4.73","9200","2020","06","25","Thursday"
"PVP","2020-06-19","4.8","4.8","4.65","4.8","48400","2020","06","25","Friday"
"PVP","2020-06-22","4.8","4.88","4.8","4.88","16500","2020","06","26","Monday"
"PVP","2020-06-23","4.8","4.88","4.8","4.8","9300","2020","06","26","Tuesday"
"PVP","2020-06-24","4.88","5.12","4.88","4.96","42700","2020","06","26","Wednesday"
"PVP","2020-06-25","4.96","5.04","4.96","4.96","3700","2020","06","26","Thursday"
"PVP","2020-06-26","4.96","4.96","4.65","4.73","53700","2020","06","26","Friday"
"PVP","2020-06-29","4.8","4.88","4.73","4.88","22300","2020","06","27","Monday"
"PVP","2020-06-30","5.19","5.19","4.57","4.57","35400","2020","06","27","Tuesday"
"PVP","2020-07-01","4.96","4.96","4.8","4.8","3200","2020","07","27","Wednesday"
"PVP","2020-07-02","4.96","4.96","4.8","4.96","1200","2020","07","27","Thursday"
"PVP","2020-07-03","4.88","4.96","4.88","4.96","7800","2020","07","27","Friday"
"PVP","2020-07-06","4.88","4.88","4.88","4.88","11200","2020","07","28","Monday"
"PVP","2020-07-07","4.96","4.96","4.88","4.88","2100","2020","07","28","Tuesday"
"PVP","2020-07-08","4.96","4.96","4.96","4.96","2000","2020","07","28","Wednesday"
"PVP","2020-07-09","4.96","5.04","4.88","5.04","2800","2020","07","28","Thursday"
"PVP","2020-07-10","5.04","5.19","5.04","5.19","21800","2020","07","28","Friday"
"PVP","2020-07-13","5.19","5.27","5.04","5.04","10600","2020","07","29","Monday"
"PVP","2020-07-14","5.19","5.19","5.12","5.19","8400","2020","07","29","Tuesday"
"PVP","2020-07-15","5.19","5.19","5.19","5.19","7100","2020","07","29","Wednesday"
"PVP","2020-07-16","5.27","5.81","5.27","5.81","186900","2020","07","29","Thursday"
"PVP","2020-07-17","5.81","5.97","5.81","5.89","44500","2020","07","29","Friday"
"PVP","2020-07-20","5.89","5.97","5.74","5.74","49800","2020","07","30","Monday"
"PVP","2020-07-21","5.74","5.81","5.58","5.81","30700","2020","07","30","Tuesday"
"PVP","2020-07-22","5.66","5.74","5.58","5.58","27300","2020","07","30","Wednesday"
"PVP","2020-07-23","5.66","5.66","5.58","5.58","11200","2020","07","30","Thursday"
"PVP","2020-07-24","5.58","5.58","5.04","5.12","100700","2020","07","30","Friday"
"PVP","2020-07-27","5.12","5.42","4.8","4.96","51600","2020","07","31","Monday"
"PVP","2020-07-28","5.27","5.42","5.27","5.35","14100","2020","07","31","Tuesday"
"PVP","2020-07-29","4.96","4.96","4.8","4.88","16300","2020","07","31","Wednesday"
"PVP","2020-07-30","5.27","5.27","4.96","5.04","22000","2020","07","31","Thursday"
"PVP","2020-07-31","5.35","5.35","5.04","5.04","4200","2020","07","31","Friday"
"PVP","2020-08-03","5.04","5.04","5.04","5.04","16900","2020","08","32","Monday"
"PVP","2020-08-04","5.19","5.27","5.19","5.19","8900","2020","08","32","Tuesday"
"PVP","2020-08-05","5.12","5.27","5.12","5.27","7700","2020","08","32","Wednesday"
"PVP","2020-08-06","5.27","5.27","5.19","5.19","38600","2020","08","32","Thursday"
"PVP","2020-08-07","5.19","5.19","5.04","5.04","68100","2020","08","32","Friday"
"PVP","2020-08-10","5.12","5.42","5.12","5.42","27900","2020","08","33","Monday"
"PVP","2020-08-11","5.42","5.42","5.27","5.35","4500","2020","08","33","Tuesday"
"PVP","2020-08-12","5.35","5.35","5.35","5.35","7200","2020","08","33","Wednesday"
"PVP","2020-08-13","5.42","5.42","5.27","5.35","5200","2020","08","33","Thursday"
"PVP","2020-08-14","5.35","5.5","5.35","5.42","12400","2020","08","33","Friday"
"PVP","2020-08-17","5.42","5.42","5.35","5.42","34700","2020","08","34","Monday"
"PVP","2020-08-18","5.58","5.58","5.42","5.58","38800","2020","08","34","Tuesday"
"PVP","2020-08-19","5.58","5.81","5.58","5.81","7600","2020","08","34","Wednesday"
"PVP","2020-08-20","5.58","5.74","5.04","5.74","16000","2020","08","34","Thursday"
"PVP","2020-08-21","5.74","5.74","5.5","5.5","21700","2020","08","34","Friday"
"PVP","2020-08-24","5.74","5.74","5.58","5.58","12300","2020","08","35","Monday"
"PVP","2020-08-25","5.5","5.58","5.5","5.58","8600","2020","08","35","Tuesday"
"PVP","2020-08-26","5.58","5.66","5.58","5.66","200","2020","08","35","Wednesday"
"PVP","2020-08-27","5.66","5.74","5.66","5.74","24300","2020","08","35","Thursday"
"PVP","2020-08-28","5.74","5.81","5.66","5.66","17100","2020","08","35","Friday"
"PVP","2020-08-31","5.74","5.81","5.66","5.74","24200","2020","08","36","Monday"
"PVP","2020-09-01","5.81","5.81","5.74","5.74","19300","2020","09","36","Tuesday"
"PVP","2020-09-03","5.74","5.81","5.74","5.81","30100","2020","09","36","Thursday"
"PVP","2020-09-04","5.81","6.04","5.81","5.97","16300","2020","09","36","Friday"
"PVP","2020-09-07","5.97","5.97","5.74","5.74","17100","2020","09","37","Monday"
"PVP","2020-09-08","5.74","5.74","5.66","5.66","10000","2020","09","37","Tuesday"
"PVP","2020-09-09","5.66","5.74","5.66","5.74","4800","2020","09","37","Wednesday"
"PVP","2020-09-10","5.81","5.81","5.74","5.81","14300","2020","09","37","Thursday"
"PVP","2020-09-11","5.81","5.89","5.74","5.74","9900","2020","09","37","Friday"
"PVP","2020-09-14","5.81","5.89","5.81","5.89","1100","2020","09","38","Monday"
"PVP","2020-09-15","5.81","5.89","5.81","5.89","19500","2020","09","38","Tuesday"
"PVP","2020-09-16","5.81","5.97","5.81","5.89","14800","2020","09","38","Wednesday"
"PVP","2020-09-17","5.89","5.89","5.89","5.89","13500","2020","09","38","Thursday"
"PVP","2020-09-18","5.89","5.89","5.81","5.89","5300","2020","09","38","Friday"
"PVP","2020-09-21","5.81","6.2","5.81","5.89","30800","2020","09","39","Monday"
"PVP","2020-09-22","5.81","5.97","5.81","5.89","11100","2020","09","39","Tuesday"
"PVP","2020-09-23","6.04","6.04","6.04","6.04","20300","2020","09","39","Wednesday"
"PVP","2020-09-24","6.04","6.04","6.04","6.04","23000","2020","09","39","Thursday"
"PVP","2020-09-25","6.2","6.2","5.89","5.89","11400","2020","09","39","Friday"
"PVP","2020-09-28","6.04","6.04","6.04","6.04","44400","2020","09","40","Monday"
"PVP","2020-09-29","6.04","6.04","6.04","6.04","10800","2020","09","40","Tuesday"
"PVP","2020-09-30","5.97","5.97","5.97","5.97","9900","2020","09","40","Wednesday"
"PVP","2020-10-01","5.97","5.97","5.97","5.97","14200","2020","10","40","Thursday"
"PVP","2020-10-02","5.89","5.97","5.89","5.97","6400","2020","10","40","Friday"
"PVP","2020-10-05","5.89","6.12","5.89","6.04","18700","2020","10","41","Monday"
"PVP","2020-10-06","6.2","6.2","6.04","6.12","18700","2020","10","41","Tuesday"
"PVP","2020-10-07","6.12","6.2","6.12","6.2","5500","2020","10","41","Wednesday"
"PVP","2020-10-08","6.28","6.67","6.28","6.59","100500","2020","10","41","Thursday"
"PVP","2020-10-09","6.82","6.82","6.59","6.74","70700","2020","10","41","Friday"
"PVP","2020-10-12","6.74","6.74","6.59","6.59","44800","2020","10","42","Monday"
"PVP","2020-10-13","6.74","6.74","6.51","6.59","38400","2020","10","42","Tuesday"
"PVP","2020-10-14","6.59","6.67","6.51","6.59","36100","2020","10","42","Wednesday"
"PVP","2020-10-15","6.51","6.51","6.36","6.36","1200","2020","10","42","Thursday"
"PVP","2020-10-16","6.36","6.67","6.36","6.59","73100","2020","10","42","Friday"
"PVP","2020-10-19","6.59","6.67","6.59","6.67","40800","2020","10","43","Monday"
"PVP","2020-10-20","6.67","6.67","6.59","6.67","12500","2020","10","43","Tuesday"
"PVP","2020-10-21","6.93","6.93","6.49","6.58","44900","2020","10","43","Wednesday"
"PVP","2020-10-22","6.4","6.4","6.4","6.4","17900","2020","10","43","Thursday"
"PVP","2020-10-23","7.28","7.28","6.75","7.02","82700","2020","10","43","Friday"
"PVP","2020-10-26","7.02","7.19","6.93","6.93","41700","2020","10","44","Monday"
"PVP","2020-10-27","6.58","6.93","6.58","6.75","2900","2020","10","44","Tuesday"
"PVP","2020-10-28","6.75","6.84","6.58","6.75","49800","2020","10","44","Wednesday"
"PVP","2020-10-29","6.75","6.75","6.75","6.75","12800","2020","10","44","Thursday"
"PVP","2020-10-30","6.75","6.84","6.75","6.84","5500","2020","10","44","Friday"
"PVP","2020-11-02","6.67","6.84","6.67","6.84","1200","2020","11","45","Monday"
"PVP","2020-11-03","6.67","6.75","6.58","6.75","18200","2020","11","45","Tuesday"
"PVP","2020-11-04","6.84","6.84","6.67","6.84","12100","2020","11","45","Wednesday"
"PVP","2020-11-05","6.75","6.75","6.75","6.75","11200","2020","11","45","Thursday"
"PVP","2020-11-06","6.75","6.75","6.75","6.75","1000","2020","11","45","Friday"
"PVP","2020-11-09","6.75","6.93","6.75","6.93","1200","2020","11","46","Monday"
"PVP","2020-11-10","7.02","7.02","6.75","6.84","26600","2020","11","46","Tuesday"
"PVP","2020-11-11","6.84","6.84","6.84","6.84","10400","2020","11","46","Wednesday"
"PVP","2020-11-12","7.45","7.45","6.93","6.93","1300","2020","11","46","Thursday"
"PVP","2020-11-13","6.93","6.93","6.93","6.93","4300","2020","11","46","Friday"
"PVP","2020-11-16","7.02","7.02","6.75","6.75","53200","2020","11","47","Monday"
"PVP","2020-11-17","6.93","7.19","6.93","7.1","50500","2020","11","47","Tuesday"
"PVP","2020-11-18","7.1","7.54","7.1","7.54","87900","2020","11","47","Wednesday"
"PVP","2020-11-19","7.54","8.33","7.54","8.33","100000","2020","11","47","Thursday"
"PVP","2020-11-20","9.3","9.3","8.77","9.3","313100","2020","11","47","Friday"
"PVP","2020-11-23","10.61","10.61","9.3","9.38","566500","2020","11","48","Monday"
"PVP","2020-11-24","9.47","9.47","9.21","9.38","146000","2020","11","48","Tuesday"
"PVP","2020-11-25","9.3","9.3","8.95","8.95","41400","2020","11","48","Wednesday"
"PVP","2020-11-26","8.95","9.12","8.86","8.95","100000","2020","11","48","Thursday"
"PVP","2020-11-27","8.95","8.95","8.68","8.86","51600","2020","11","48","Friday"
"PVP","2020-11-30","8.77","8.77","8.6","8.68","25800","2020","11","49","Monday"
"PVP","2020-12-01","8.51","8.51","8.24","8.51","57800","2020","12","49","Tuesday"
"PVP","2020-12-02","8.6","8.6","8.33","8.51","34700","2020","12","49","Wednesday"
"PVP","2020-12-03","8.51","9.12","8.42","9.03","42200","2020","12","49","Thursday"
"PVP","2020-12-04","9.73","9.73","8.68","8.77","28500","2020","12","49","Friday"
"PVP","2020-12-07","8.6","8.77","8.42","8.77","25800","2020","12","50","Monday"
"PVP","2020-12-08","9.47","9.47","8.42","8.77","43000","2020","12","50","Tuesday"
"PVP","2020-12-09","9.21","9.21","8.77","8.86","262000","2020","12","50","Wednesday"
"PVP","2020-12-10","8.77","8.77","8.51","8.6","40900","2020","12","50","Thursday"
"PVP","2020-12-11","8.6","8.77","8.6","8.77","8000","2020","12","50","Friday"
"PVP","2020-12-14","8.68","8.86","8.6","8.77","60100","2020","12","51","Monday"
"PVP","2020-12-15","8.77","8.86","8.77","8.77","244700","2020","12","51","Tuesday"
"PVP","2020-12-16","9.21","9.21","8.77","9.12","1292500","2020","12","51","Wednesday"
"PVP","2020-12-17","9.12","9.82","9.12","9.56","418900","2020","12","51","Thursday"
"PVP","2020-12-18","9.65","9.82","9.56","9.56","189700","2020","12","51","Friday"
"PVP","2020-12-21","9.65","9.65","9.21","9.47","281300","2020","12","52","Monday"
"PVP","2020-12-22","9.38","9.91","9.03","9.38","701300","2020","12","52","Tuesday"
"PVP","2020-12-23","9.47","9.82","9.3","9.56","331500","2020","12","52","Wednesday"
"PVP","2020-12-24","9.56","9.91","9.21","9.56","206100","2020","12","52","Thursday"
"PVP","2020-12-25","9.56","10.17","9.47","10.17","575700","2020","12","52","Friday"
"PVP","2020-12-28","10.17","10.44","10","10.09","700000","2020","12","53","Monday"
"PVP","2020-12-29","10.09","10.26","9.82","9.91","315900","2020","12","53","Tuesday"
"PVP","2020-12-30","9.91","9.91","8.86","9.65","429300","2020","12","53","Wednesday"
"PVP","2020-12-31","9.56","9.82","8.95","8.95","630500","2020","12","53","Thursday"
"PVP","2021-01-04","9.65","9.91","9.47","9.82","308400","2021","01","2","Monday"
"PVP","2021-01-05","9.82","9.82","9.65","9.73","336100","2021","01","2","Tuesday"
"PVP","2021-01-06","9.73","10","9.65","9.65","372900","2021","01","2","Wednesday"
"PVP","2021-01-07","10","10","9.65","9.73","518100","2021","01","2","Thursday"
"PVP","2021-01-08","9.73","11.14","9.73","11.14","3911000","2021","01","2","Friday"
"PVP","2021-01-11","11.4","11.66","11.14","11.66","608700","2021","01","3","Monday"
"PVP","2021-01-12","12.98","12.98","11.22","12.1","1049600","2021","01","3","Tuesday"
"PVP","2021-01-13","11.93","12.72","11.84","12.19","2171100","2021","01","3","Wednesday"
"PVP","2021-01-14","12.19","12.28","11.75","12.02","840200","2021","01","3","Thursday"
"PVP","2021-01-15","12.28","12.8","12.02","12.45","1955600","2021","01","3","Friday"
"PVP","2021-01-18","12.28","13.33","12.28","12.72","2130400","2021","01","4","Monday"
"PVP","2021-01-19","12.89","13.42","11.49","12.63","1573800","2021","01","4","Tuesday"
"PVP","2021-01-20","12.63","12.72","11.05","12.19","836000","2021","01","4","Wednesday"
"PVP","2021-01-21","12.19","13.15","11.93","12.8","1279000","2021","01","4","Thursday"
"PVP","2021-01-22","12.8","13.59","12.72","12.98","1008600","2021","01","4","Friday"
"PVP","2021-01-25","12.98","13.59","12.89","13.07","1177400","2021","01","5","Monday"
"PVP","2021-01-26","13.33","13.33","12.1","12.45","1123300","2021","01","5","Tuesday"
"PVP","2021-01-27","12.37","12.45","10.96","11.49","1268200","2021","01","5","Wednesday"
"PVP","2021-01-28","11.22","11.22","9.91","9.91","1213300","2021","01","5","Thursday"
"PVP","2021-01-29","8.68","11.05","8.68","10.96","551400","2021","01","5","Friday"
"PVP","2021-02-01","11.22","11.22","9.82","10","581300","2021","02","6","Monday"
"PVP","2021-02-02","10.09","10.52","9.91","10.44","393500","2021","02","6","Tuesday"
"PVP","2021-02-03","10.52","11.4","10.44","11.22","541300","2021","02","6","Wednesday"
"PVP","2021-02-04","11.22","11.49","10.96","11.22","563100","2021","02","6","Thursday"
"PVP","2021-02-05","11.31","11.66","11.31","11.4","357700","2021","02","6","Friday"
"PVP","2021-02-08","11.4","11.49","10.44","10.96","545900","2021","02","7","Monday"
"PVP","2021-02-09","10.96","11.31","10.61","11.14","382500","2021","02","7","Tuesday"
"PVP","2021-02-17","11.14","12.1","11.14","12.02","782000","2021","02","8","Wednesday"
"PVP","2021-02-18","12.02","12.54","11.84","12.1","745700","2021","02","8","Thursday"
"PVP","2021-02-19","11.93","12.28","11.75","12.02","574500","2021","02","8","Friday"
"PVP","2021-02-22","12.02","12.02","11.75","11.93","479300","2021","02","9","Monday"
"PVP","2021-02-23","12.02","12.19","11.84","12.02","406800","2021","02","9","Tuesday"
"PVP","2021-02-24","12.02","12.02","11.49","11.66","780000","2021","02","9","Wednesday"
"PVP","2021-02-25","11.66","11.84","11.4","11.58","562500","2021","02","9","Thursday"
"PVP","2021-02-26","11.22","11.84","11.22","11.84","493200","2021","02","9","Friday"
"PVP","2021-03-01","11.84","11.93","11.58","11.84","421700","2021","03","10","Monday"
"PVP","2021-03-02","11.93","11.93","11.66","11.93","511100","2021","03","10","Tuesday"
"PVP","2021-03-03","11.75","12.28","11.75","12.28","699500","2021","03","10","Wednesday"
"PVP","2021-03-04","12.19","13.33","12.19","13.15","1941000","2021","03","10","Thursday"
"PVP","2021-03-05","13.15","14.29","13.15","13.51","875400","2021","03","10","Friday"
"PVP","2021-03-08","13.77","13.94","13.07","13.24","1353700","2021","03","11","Monday"
"PVP","2021-03-09","13.24","13.24","12.72","12.98","801000","2021","03","11","Tuesday"
"PVP","2021-03-10","12.98","13.15","12.8","13.07","519600","2021","03","11","Wednesday"
"PVP","2021-03-11","13.07","13.33","12.89","13.15","515800","2021","03","11","Thursday"
"PVP","2021-03-12","13.15","13.42","12.89","12.98","407900","2021","03","11","Friday"
"PVP","2021-03-15","13.07","13.15","12.89","13.07","311000","2021","03","12","Monday"
"PVP","2021-03-16","12.72","13.07","12.72","12.89","538000","2021","03","12","Tuesday"
"PVP","2021-03-17","12.89","13.51","12.89","13.33","708700","2021","03","12","Wednesday"
"PVP","2021-03-18","13.33","13.59","13.15","13.24","335200","2021","03","12","Thursday"
"PVP","2021-03-19","13.07","13.42","12.98","13.42","780400","2021","03","12","Friday"
"PVP","2021-03-22","13.24","13.59","13.24","13.51","691500","2021","03","13","Monday"
"PVP","2021-03-23","13.59","13.68","13.15","13.51","478500","2021","03","13","Tuesday"
"PVP","2021-03-24","13.42","13.42","12.72","12.98","705600","2021","03","13","Wednesday"
"PVP","2021-03-25","12.89","13.07","12.63","12.72","450500","2021","03","13","Thursday"
"PVP","2021-03-26","12.72","12.72","11.75","12.54","800500","2021","03","13","Friday"
"PVP","2021-03-29","12.63","12.98","12.63","12.89","335900","2021","03","14","Monday"
"PVP","2021-03-30","12.8","12.8","12.63","12.72","303400","2021","03","14","Tuesday"
"PVP","2021-03-31","12.72","12.89","12.54","12.89","313900","2021","03","14","Wednesday"
"PVP","2021-04-01","12.89","13.07","12.54","13.07","332700","2021","04","14","Thursday"
"PVP","2021-04-02","13.07","13.42","12.98","13.07","584200","2021","04","14","Friday"
"PVP","2021-04-05","13.24","13.33","12.98","13.07","310900","2021","04","15","Monday"
"PVP","2021-04-06","13.07","13.07","12.54","12.89","575600","2021","04","15","Tuesday"
"PVP","2021-04-07","12.89","12.98","12.72","12.98","342400","2021","04","15","Wednesday"
"PVP","2021-04-08","13.07","13.15","12.8","12.98","548700","2021","04","15","Thursday"
"PVP","2021-04-09","12.98","13.77","12.89","13.68","1431900","2021","04","15","Friday"
"PVP","2021-04-12","13.68","14.03","13.33","13.51","868900","2021","04","16","Monday"
"PVP","2021-04-13","13.59","13.59","12.98","13.15","797100","2021","04","16","Tuesday"
"PVP","2021-04-14","13.15","13.24","12.72","13.24","628300","2021","04","16","Wednesday"
"PVP","2021-04-15","13.15","13.59","12.98","13.07","487500","2021","04","16","Thursday"
"PVP","2021-04-16","13.15","13.15","12.45","12.8","607800","2021","04","16","Friday"
"PVP","2021-04-19","12.8","12.98","12.63","12.98","228700","2021","04","17","Monday"
"PVP","2021-04-20","12.89","13.07","12.72","12.8","240500","2021","04","17","Tuesday"
"PVP","2021-04-22","12.8","12.8","12.1","12.1","567800","2021","04","17","Thursday"
"PVP","2021-04-23","12.28","12.45","11.84","12.45","267100","2021","04","17","Friday"
"PVP","2021-04-26","12.28","12.37","11.66","11.84","239200","2021","04","18","Monday"
"PVP","2021-04-27","11.84","11.84","11.49","11.75","245700","2021","04","18","Tuesday"
"PVP","2021-04-28","11.75","12.02","11.66","11.93","134000","2021","04","18","Wednesday"
"PVP","2021-04-29","11.93","12.1","11.75","11.84","127400","2021","04","18","Thursday"
"PVP","2021-05-04","10.88","11.66","10.17","11.58","171400","2021","05","19","Tuesday"
"PVP","2021-05-05","11.58","12.45","11.58","12.1","289100","2021","05","19","Wednesday"
"PVP","2021-05-06","12.28","12.28","11.93","12.02","66200","2021","05","19","Thursday"
"PVP","2021-05-07","12.02","12.02","11.49","11.66","205000","2021","05","19","Friday"
"PVP","2021-05-10","11.49","11.75","11.4","11.75","342500","2021","05","20","Monday"
"PVP","2021-05-11","11.66","11.84","11.4","11.66","226000","2021","05","20","Tuesday"
"PVP","2021-05-12","11.58","11.75","11.58","11.75","138500","2021","05","20","Wednesday"
"PVP","2021-05-13","11.75","12.1","11.66","11.75","229400","2021","05","20","Thursday"
"PVP","2021-05-14","11.84","11.84","11.58","11.66","161200","2021","05","20","Friday"
"PVP","2021-05-17","11.75","11.84","11.58","11.66","237000","2021","05","21","Monday"
"PVP","2021-05-18","11.75","11.75","11.58","11.66","137500","2021","05","21","Tuesday"
"PVP","2021-05-19","11.66","11.66","11.31","11.49","157900","2021","05","21","Wednesday"
"PVP","2021-05-20","11.4","11.4","10.96","11.14","406000","2021","05","21","Thursday"
"PVP","2021-05-21","11.14","11.58","10.96","11.31","245700","2021","05","21","Friday"
"PVP","2021-05-24","11.49","11.49","11.22","11.31","184000","2021","05","22","Monday"
"PVP","2021-05-25","11.4","11.66","11.4","11.58","272300","2021","05","22","Tuesday"
"PVP","2021-05-26","11.58","11.93","11.31","11.75","800800","2021","05","22","Wednesday"
"PVP","2021-05-27","11.75","12.02","11.58","11.84","345800","2021","05","22","Thursday"
"PVP","2021-05-28","11.93","12.28","11.84","12.1","464000","2021","05","22","Friday"
"PVP","2021-05-31","12.19","12.89","11.75","12.63","1077100","2021","05","23","Monday"
"PVP","2021-06-01","12.63","12.98","12.63","12.72","575200","2021","06","23","Tuesday"
"PVP","2021-06-02","12.8","12.98","12.63","12.72","417600","2021","06","23","Wednesday"
"PVP","2021-06-03","12.72","12.98","12.63","12.72","617600","2021","06","23","Thursday"
"PVP","2021-06-04","12.72","13.94","12.37","13.68","2053500","2021","06","23","Friday"
"PVP","2021-06-07","13.77","14.91","13.68","14.38","2471100","2021","06","24","Monday"
"PVP","2021-06-08","14.21","14.38","12.98","13.15","930700","2021","06","24","Tuesday"
"PVP","2021-06-09","13.15","13.86","12.98","13.68","1440900","2021","06","24","Wednesday"
"PVP","2021-06-10","13.68","13.86","12.89","13.33","1009600","2021","06","24","Thursday"
"PVP","2021-06-11","13.33","13.86","13.07","13.68","705800","2021","06","24","Friday"
"PVP","2021-06-14","13.51","15.17","13.51","15.08","2803000","2021","06","25","Monday"
"PVP","2021-06-15","14.65","15.79","14.65","15.35","1588300","2021","06","25","Tuesday"
"PVP","2021-06-16","15.35","15.79","15","15.17","590200","2021","06","25","Wednesday"
"PVP","2021-06-17","15.17","15.26","14.56","15.08","1091700","2021","06","25","Thursday"
"PVP","2021-06-18","15","15.17","14.56","14.91","1011500","2021","06","25","Friday"
"PVP","2021-06-21","14.91","15.61","14.91","15.17","701600","2021","06","26","Monday"
"PVP","2021-06-22","15.52","15.7","15.17","15.26","927200","2021","06","26","Tuesday"
"PVP","2021-06-23","15.35","15.35","14.56","14.82","663900","2021","06","26","Wednesday"
"PVP","2021-06-24","15.08","15.08","14.38","14.56","429500","2021","06","26","Thursday"
"PVP","2021-06-25","14.56","14.65","14.12","14.29","577000","2021","06","26","Friday"
"PVP","2021-06-28","14.29","14.82","14.29","14.73","629100","2021","06","27","Monday"
"PVP","2021-06-29","14.73","14.73","14.29","14.47","370300","2021","06","27","Tuesday"
"PVP","2021-06-30","14.47","14.65","14.29","14.29","299900","2021","06","27","Wednesday"
"PVP","2021-07-01","14.73","14.73","13.77","14.29","542300","2021","07","27","Thursday"
"PVP","2021-07-02","14.38","14.65","14.21","14.38","310600","2021","07","27","Friday"
"PVP","2021-07-05","14.38","14.38","14.03","14.12","398600","2021","07","28","Monday"
"PVP","2021-07-06","14.21","14.56","13.24","13.68","645000","2021","07","28","Tuesday"
"PVP","2021-07-07","13.68","13.94","13.33","13.77","462200","2021","07","28","Wednesday"
"PVP","2021-07-08","13.59","13.94","13.42","13.59","168900","2021","07","28","Thursday"
"PVP","2021-07-09","13.59","13.59","12.63","12.98","347700","2021","07","28","Friday"
"PVP","2021-07-12","12.98","12.98","11.93","12.54","672900","2021","07","29","Monday"
"PVP","2021-07-13","12.28","12.8","12.28","12.72","196300","2021","07","29","Tuesday"
"PVP","2021-07-14","12.72","13.07","12.54","12.8","281000","2021","07","29","Wednesday"
"PVP","2021-07-15","12.54","12.89","12.54","12.8","159800","2021","07","29","Thursday"
"PVP","2021-07-16","12.8","12.8","12.37","12.63","88800","2021","07","29","Friday"
"PVP","2021-07-19","12.54","12.54","11.93","12.1","349400","2021","07","30","Monday"
"PVP","2021-07-20","12.02","12.28","11.84","12.28","271300","2021","07","30","Tuesday"
"PVP","2021-07-21","12.45","12.63","12.28","12.45","142100","2021","07","30","Wednesday"
"PVP","2021-07-22","12.54","12.89","12.54","12.89","202100","2021","07","30","Thursday"
"PVP","2021-07-23","12.89","12.89","12.63","12.63","139800","2021","07","30","Friday"
"PVP","2021-07-26","12.54","12.98","12.54","12.8","308900","2021","07","31","Monday"
"PVP","2021-07-27","12.98","13.33","12.98","13.15","297700","2021","07","31","Tuesday"
"PVP","2021-07-28","13.33","13.33","12.89","13.07","106500","2021","07","31","Wednesday"
"PVP","2021-07-29","13.07","13.42","13.07","13.33","250000","2021","07","31","Thursday"
"PVP","2021-07-30","13.24","13.33","13.07","13.15","314000","2021","07","31","Friday"
"PVP","2021-08-02","13.15","13.59","13.15","13.59","410400","2021","08","32","Monday"
"PVP","2021-08-03","13.68","14.03","13.42","13.68","316100","2021","08","32","Tuesday"
"PVP","2021-08-04","13.94","14.38","13.86","14.12","431600","2021","08","32","Wednesday"
"PVP","2021-08-05","14.12","14.12","13.77","14.03","210100","2021","08","32","Thursday"
"PVP","2021-08-06","13.86","14.03","13.68","13.86","298800","2021","08","32","Friday"
"PVP","2021-08-09","13.86","14.47","13.68","14.47","580100","2021","08","33","Monday"
"PVP","2021-08-10","14.56","14.73","14.38","14.73","674900","2021","08","33","Tuesday"
"PVP","2021-08-11","14.73","15","14.47","14.56","671300","2021","08","33","Wednesday"
"PVP","2021-08-12","14.21","14.65","14.21","14.29","705800","2021","08","33","Thursday"
"PVP","2021-08-13","14.38","15.44","14.03","15.17","1615800","2021","08","33","Friday"
"PVP","2021-08-16","15.7","15.79","15.17","15.35","976200","2021","08","34","Monday"
"PVP","2021-08-17","15.35","15.87","15.17","15.52","765000","2021","08","34","Tuesday"
"PVP","2021-08-18","15.52","15.79","15.26","15.61","672000","2021","08","34","Wednesday"
"PVP","2021-08-19","15.52","15.7","15.44","15.61","551000","2021","08","34","Thursday"
"PVP","2021-08-20","15.61","15.61","14.56","14.91","1278000","2021","08","34","Friday"
"PVP","2021-08-23","14.56","14.91","14.38","14.56","690100","2021","08","35","Monday"
"PVP","2021-08-24","14.03","15","14.03","14.82","445400","2021","08","35","Tuesday"
"PVP","2021-08-25","14.82","14.82","14.38","14.73","192400","2021","08","35","Wednesday"
"PVP","2021-08-26","14.65","15.17","14.29","14.47","699700","2021","08","35","Thursday"
"PVP","2021-08-27","15.17","15.17","14.38","14.73","402300","2021","08","35","Friday"
"PVP","2021-08-30","14.91","15.35","14.82","15.08","772100","2021","08","36","Monday"
"PVP","2021-08-31","15.26","17.1","15.17","16.93","3075000","2021","08","36","Tuesday"
"PVP","2021-09-01","16.93","17.36","16.66","16.66","940900","2021","09","36","Wednesday"
"PVP","2021-09-06","17.01","17.89","17.01","17.54","1366900","2021","09","37","Monday"
"PVP","2021-09-07","17.54","17.54","16.49","16.66","1748800","2021","09","37","Tuesday"
"PVP","2021-09-08","16.66","16.93","16.49","16.75","646700","2021","09","37","Wednesday"
"PVP","2021-09-09","16.66","17.1","16.49","16.93","1306100","2021","09","37","Thursday"
"PVP","2021-09-10","16.84","17.54","16.84","17.1","1302800","2021","09","37","Friday"
"PVP","2021-09-13","17.19","17.71","16.84","16.93","1161000","2021","09","38","Monday"
"PVP","2021-09-14","17.1","17.36","16.57","16.57","892000","2021","09","38","Tuesday"
"PVP","2021-09-15","16.66","17.19","16.4","17.01","898600","2021","09","38","Wednesday"
"PVP","2021-09-16","17.01","17.28","16.75","16.93","1004500","2021","09","38","Thursday"
"PVP","2021-09-17","17.48","18.31","17.02","17.67","1485100","2021","09","38","Friday"
"PVP","2021-09-20","17.94","18.5","17.48","17.67","1018000","2021","09","39","Monday"
"PVP","2021-09-21","17.57","17.57","16.74","17.48","901500","2021","09","39","Tuesday"
"PVP","2021-09-22","17.57","17.57","17.02","17.39","1020700","2021","09","39","Wednesday"
"PVP","2021-09-23","17.39","18.04","16.83","17.2","1078400","2021","09","39","Thursday"
"PVP","2021-09-24","17.11","17.39","16.83","17.02","733800","2021","09","39","Friday"
"PVP","2021-09-27","17.02","17.11","16.09","16.19","1025400","2021","09","40","Monday"
"PVP","2021-09-28","16.19","17.2","15.91","16.83","1072900","2021","09","40","Tuesday"
"PVP","2021-09-29","16.83","16.83","16.46","16.65","353900","2021","09","40","Wednesday"
"PVP","2021-09-30","16.65","17.02","16.65","16.83","454700","2021","09","40","Thursday"
"PVP","2021-10-01","16.56","17.3","16.46","17.3","890500","2021","10","40","Friday"
"PVP","2021-10-04","17.3","19.05","17.3","18.59","3395200","2021","10","41","Monday"
"PVP","2021-10-05","18.59","19.05","18.22","18.41","794000","2021","10","41","Tuesday"
"PVP","2021-10-06","18.5","18.96","18.22","18.41","639100","2021","10","41","Wednesday"
"PVP","2021-10-07","18.41","18.41","17.76","18.04","1196400","2021","10","41","Thursday"
"PVP","2021-10-08","18.04","18.5","17.94","17.94","910000","2021","10","41","Friday"
"PVP","2021-10-11","17.94","18.31","17.94","18.04","628600","2021","10","42","Monday"
"PVP","2021-10-12","18.04","18.68","17.85","18.31","1267500","2021","10","42","Tuesday"
"PVP","2021-10-13","18.31","18.31","17.85","17.94","958500","2021","10","42","Wednesday"
"PVP","2021-10-14","17.85","18.5","17.85","18.31","1117600","2021","10","42","Thursday"
"PVP","2021-10-15","18.41","18.5","18.04","18.04","688800","2021","10","42","Friday"
"PVP","2021-10-18","18.31","18.87","18.13","18.68","1711600","2021","10","43","Monday"
"PVP","2021-10-19","18.22","18.68","17.94","18.13","1134200","2021","10","43","Tuesday"
"PVP","2021-10-20","18.22","18.22","17.85","18.04","652500","2021","10","43","Wednesday"
"PVP","2021-10-21","18.04","18.22","17.67","18.13","1077500","2021","10","43","Thursday"
"PVP","2021-10-22","18.13","18.13","17.85","17.94","734300","2021","10","43","Friday"
"PVP","2021-10-25","17.94","18.13","17.94","17.94","735800","2021","10","44","Monday"
"PVP","2021-10-26","18.13","19.05","17.85","18.68","1639000","2021","10","44","Tuesday"
"PVP","2021-10-27","18.96","18.96","18.59","18.87","827800","2021","10","44","Wednesday"
"PVP","2021-10-28","18.87","19.05","18.5","18.77","632600","2021","10","44","Thursday"
"PVP","2021-10-29","18.68","18.96","18.59","18.68","792300","2021","10","44","Friday"
"PVP","2021-11-01","18.68","18.96","18.5","18.68","1003000","2021","11","45","Monday"
"PVP","2021-11-02","18.68","18.77","18.41","18.77","1110200","2021","11","45","Tuesday"
"PVP","2021-11-03","18.96","19.79","18.68","19.05","1135400","2021","11","45","Wednesday"
"PVP","2021-11-04","19.05","19.05","18.5","18.96","830200","2021","11","45","Thursday"
"PVP","2021-11-05","18.96","19.33","18.68","18.96","639400","2021","11","45","Friday"
"PVP","2021-11-08","19.05","19.33","18.77","19.14","762100","2021","11","46","Monday"
"PVP","2021-11-09","19.14","19.89","19.14","19.79","1112300","2021","11","46","Tuesday"
"PVP","2021-11-10","19.79","20.44","19.79","20.07","974700","2021","11","46","Wednesday"
"PVP","2021-11-11","19.98","20.16","19.24","19.52","881600","2021","11","46","Thursday"
"PVP","2021-11-12","19.52","19.52","18.96","19.52","903500","2021","11","46","Friday"
"PVP","2021-11-15","19.24","19.42","18.96","19.24","907600","2021","11","47","Monday"
"PVP","2021-11-16","19.33","19.98","19.24","19.52","1311600","2021","11","47","Tuesday"
"PVP","2021-11-17","19.52","19.89","19.42","19.61","609000","2021","11","47","Wednesday"
"PVP","2021-11-18","19.61","19.79","18.96","19.14","1053500","2021","11","47","Thursday"
"PVP","2021-11-19","19.33","19.33","17.11","18.13","2154600","2021","11","47","Friday"
"PVP","2021-11-22","18.04","18.04","16.83","17.02","932900","2021","11","48","Monday"
"PVP","2021-11-23","17.02","17.85","16.74","17.76","445000","2021","11","48","Tuesday"
"PVP","2021-11-24","17.85","18.13","17.39","17.57","343400","2021","11","48","Wednesday"
"PVP","2021-11-25","17.67","17.85","17.48","17.67","345100","2021","11","48","Thursday"
"PVP","2021-11-26","17.57","17.57","17.11","17.2","455800","2021","11","48","Friday"
"PVP","2021-11-29","16.93","17.3","16.46","17.11","422800","2021","11","49","Monday"
"PVP","2021-11-30","17.11","17.76","17.11","17.39","338400","2021","11","49","Tuesday"
"PVP","2021-12-01","17.39","17.57","17.11","17.39","282800","2021","12","49","Wednesday"
"PVP","2021-12-02","16.65","17.76","16.65","17.67","240300","2021","12","49","Thursday"
"PVP","2021-12-03","17.67","17.76","17.11","17.3","271800","2021","12","49","Friday"
"PVP","2021-12-06","17.3","17.3","16.46","16.65","333300","2021","12","50","Monday"
"PVP","2021-12-07","16.83","17.2","16.83","17.11","180600","2021","12","50","Tuesday"
"PVP","2021-12-08","17.02","17.39","17.02","17.11","233100","2021","12","50","Wednesday"
"PVP","2021-12-09","17.2","17.2","16.93","17.2","223800","2021","12","50","Thursday"
"PVP","2021-12-10","17.2","17.3","17.11","17.2","205600","2021","12","50","Friday"
"PVP","2021-12-13","17.3","17.57","17.3","17.39","388600","2021","12","51","Monday"
"PVP","2021-12-14","17.39","17.67","17.3","17.48","341900","2021","12","51","Tuesday"
"PVP","2021-12-15","17.57","18.5","17.57","18.04","527100","2021","12","51","Wednesday"
"PVP","2021-12-16","18.22","18.22","17.57","17.76","112500","2021","12","51","Thursday"
"PVP","2021-12-17","17.85","18.04","17.48","17.48","309300","2021","12","51","Friday"
"PVP","2021-12-20","17.48","17.48","17.02","17.11","395400","2021","12","52","Monday"
"PVP","2021-12-21","17.2","17.2","16.93","17.11","197300","2021","12","52","Tuesday"
"PVP","2021-12-22","17.02","17.3","16.65","16.93","440500","2021","12","52","Wednesday"
"PVP","2021-12-23","16.93","17.39","16.56","17.2","839300","2021","12","52","Thursday"
"PVP","2021-12-24","17.48","17.48","16.93","17.11","427000","2021","12","52","Friday"
"PVP","2021-12-27","17.57","17.57","17.11","17.2","234900","2021","12","53","Monday"
"PVP","2021-12-28","17.3","17.48","17.02","17.2","257000","2021","12","53","Tuesday"
"PVP","2021-12-29","17.2","17.2","16.93","17.11","285600","2021","12","53","Wednesday"
"PVP","2021-12-30","17.02","17.39","16.83","17.11","196400","2021","12","53","Thursday"
"PVP","2021-12-31","17.2","17.2","17.02","17.2","197300","2021","12","53","Friday"
"PVP","2022-01-04","17.11","17.67","17.11","17.57","464613","2022","01","1","Tuesday"
"PVP","2022-01-05","17.67","17.76","17.3","17.39","269471","2022","01","1","Wednesday"
"PVP","2022-01-06","17.48","17.48","17.11","17.11","322710","2022","01","1","Thursday"
"PVP","2022-01-07","17.11","17.39","17.11","17.2","277853","2022","01","1","Friday"
"PVP","2022-01-10","17.2","17.76","17.11","17.11","376170","2022","01","2","Monday"
"PVP","2022-01-11","17.11","17.48","16.93","17.02","446491","2022","01","2","Tuesday"
"PVP","2022-01-12","17.11","17.48","16.93","17.2","394222","2022","01","2","Wednesday"
"PVP","2022-01-13","17.3","17.3","16.74","16.83","321161","2022","01","2","Thursday"
"PVP","2022-01-14","16.93","17.11","16.56","17.11","214182","2022","01","2","Friday"
"PVP","2022-01-17","17.11","17.11","16.28","16.37","315995","2022","01","3","Monday"
"PVP","2022-01-18","16.28","16.56","15.54","16.09","342059","2022","01","3","Tuesday"
"PVP","2022-01-19","16","18.5","15.63","16.28","281140","2022","01","3","Wednesday"
"PVP","2022-01-20","16.19","16.74","16.19","16.37","104359","2022","01","3","Thursday"
"PVP","2022-01-21","16.37","16.46","16","16.19","104730","2022","01","3","Friday"
"PVP","2022-01-24","16.28","16.28","15.35","15.35","173134","2022","01","4","Monday"
"PVP","2022-01-25","15.35","15.72","15.26","15.63","113640","2022","01","4","Tuesday"
"PVP","2022-01-26","15.72","16","15.35","15.45","82900","2022","01","4","Wednesday"
"PVP","2022-01-27","15.63","15.63","15.26","15.45","79400","2022","01","4","Thursday"
"PVP","2022-01-28","15.35","15.35","14.8","15.35","160350","2022","01","4","Friday"
"PVP","2022-02-07","15.26","15.72","15.08","15.72","54701","2022","02","6","Monday"
"PVP","2022-02-08","15.72","16","15.54","15.82","93732","2022","02","6","Tuesday"
"PVP","2022-02-09","15.82","16.19","15.82","16.19","113838","2022","02","6","Wednesday"
"PVP","2022-02-10","16.19","16.46","16.09","16.37","108727","2022","02","6","Thursday"
"PVP","2022-02-11","16.37","16.56","16","16.28","66000","2022","02","6","Friday"
"PVP","2022-02-14","16.19","16.65","16.19","16.37","186600","2022","02","7","Monday"
"PVP","2022-02-15","16.37","16.37","15.91","16.19","60101","2022","02","7","Tuesday"
"PVP","2022-02-16","16.56","16.56","15.82","16","94041","2022","02","7","Wednesday"
"PVP","2022-02-17","16","16","15.82","15.91","197142","2022","02","7","Thursday"
"PVP","2022-02-18","15.91","16","15.82","15.91","210372","2022","02","7","Friday"
"PVP","2022-02-21","15.91","16","15.82","15.91","129521","2022","02","8","Monday"
"PVP","2022-02-22","15.91","16.19","15.82","16.09","281100","2022","02","8","Tuesday"
"PVP","2022-02-23","16.28","17.2","16.19","17.02","886080","2022","02","8","Wednesday"
"PVP","2022-02-24","17.02","17.11","16.56","16.83","409635","2022","02","8","Thursday"
"PVP","2022-02-25","16.83","16.83","16.28","16.46","304176","2022","02","8","Friday"
"PVP","2022-02-28","16.46","16.65","16.19","16.37","967410","2022","02","9","Monday"
"PVP","2022-03-01","16.46","16.56","16.19","16.37","462995","2022","03","9","Tuesday"
"PVP","2022-03-02","16.56","17.48","16.56","17.2","1365341","2022","03","9","Wednesday"
"PVP","2022-03-03","17.48","18.96","17.39","18.96","2621660","2022","03","9","Thursday"
"PVP","2022-03-04","18.96","19.05","18.13","18.22","634610","2022","03","9","Friday"
"PVP","2022-03-07","18.77","19.42","18.5","19.14","1454330","2022","03","10","Monday"
"PVP","2022-03-08","19.14","19.14","17.76","18.22","1337867","2022","03","10","Tuesday"
"PVP","2022-03-09","18.41","19.52","17.57","19.24","2531158","2022","03","10","Wednesday"
"PVP","2022-03-10","18.31","19.05","18.04","18.59","736502","2022","03","10","Thursday"
"PVP","2022-03-11","18.5","18.59","17.94","18.13","632844","2022","03","10","Friday"
"PVP","2022-03-14","17.94","18.13","16.56","16.65","1123350","2022","03","11","Monday"
"PVP","2022-03-15","16.46","17.3","16.28","17.02","684633","2022","03","11","Tuesday"
"PVP","2022-03-16","16.83","17.11","16.65","16.93","239837","2022","03","11","Wednesday"
"PVP","2022-03-17","16.93","16.93","16.28","16.74","497713","2022","03","11","Thursday"
"PVP","2022-03-18","16.74","17.11","16.56","16.74","264491","2022","03","11","Friday"
"PVP","2022-03-21","16.74","16.83","16.46","16.74","301799","2022","03","12","Monday"
"PVP","2022-03-22","16.83","17.11","16.65","17.11","317097","2022","03","12","Tuesday"
"PVP","2022-03-23","17.11","17.11","16.65","16.74","295600","2022","03","12","Wednesday"
"PVP","2022-03-24","16.83","17.11","16.65","16.74","335628","2022","03","12","Thursday"
"PVP","2022-03-25","16.74","16.74","16.37","16.56","521439","2022","03","12","Friday"
"PVP","2022-03-28","16.65","16.65","16.37","16.46","285232","2022","03","13","Monday"
"PVP","2022-03-29","16.46","16.83","16.37","16.74","345608","2022","03","13","Tuesday"
"PVP","2022-03-30","16.65","16.74","16.19","16.46","377635","2022","03","13","Wednesday"
"PVP","2022-03-31","16.46","16.65","16.19","16.28","182253","2022","03","13","Thursday"
"PVP","2022-04-01","16.28","16.37","15.91","16.28","384700","2022","04","13","Friday"
"PVP","2022-04-04","16.28","16.56","16.19","16.37","167599","2022","04","14","Monday"
"PVP","2022-04-05","16.56","16.56","16.28","16.46","75600","2022","04","14","Tuesday"
"PVP","2022-04-06","16.46","16.46","16.09","16.19","275003","2022","04","14","Wednesday"
"PVP","2022-04-07","16.19","16.19","16","16.09","170940","2022","04","14","Thursday"
"PVP","2022-04-08","16.19","16.19","15.72","15.72","245625","2022","04","14","Friday"
"PVP","2022-04-12","15.82","16","15.26","15.35","300805","2022","04","15","Tuesday"
"PVP","2022-04-13","15.35","15.72","15.26","15.54","200874","2022","04","15","Wednesday"
"PVP","2022-04-14","15.63","15.72","15.35","15.45","249000","2022","04","15","Thursday"
"PVP","2022-04-15","15.45","15.45","14.98","15.08","209669","2022","04","15","Friday"
"PVP","2022-04-18","14.98","15.17","13.97","14.15","274758","2022","04","16","Monday"
"PVP","2022-04-19","14.15","14.43","13.6","13.78","261110","2022","04","16","Tuesday"
"PVP","2022-04-20","13.69","13.78","12.67","12.95","440401","2022","04","16","Wednesday"
"PVP","2022-04-21","12.95","12.95","11.84","12.12","337230","2022","04","16","Thursday"
"PVP","2022-04-22","12.12","12.58","11.93","12.3","196679","2022","04","16","Friday"
"PVP","2022-04-25","12.58","12.58","11.38","11.47","196504","2022","04","17","Monday"
"PVP","2022-04-26","11.84","12.02","11.1","12.02","177971","2022","04","17","Tuesday"
"PVP","2022-04-27","11.56","12.12","11.56","12.12","96204","2022","04","17","Wednesday"
"PVP","2022-04-28","12.12","12.3","12.02","12.3","79600","2022","04","17","Thursday"
"PVP","2022-04-29","12.02","12.39","12.02","12.39","69400","2022","04","17","Friday"
"PVP","2022-05-04","12.3","12.86","12.3","12.49","153102","2022","05","18","Wednesday"
"PVP","2022-05-05","12.76","12.86","12.3","12.49","56800","2022","05","18","Thursday"
"PVP","2022-05-06","12.02","12.3","11.93","11.93","124900","2022","05","18","Friday"
"PVP","2022-05-09","12.02","12.02","10.54","10.54","151750","2022","05","19","Monday"
"PVP","2022-05-10","10.54","11.38","10.54","11.38","116000","2022","05","19","Tuesday"
"PVP","2022-05-11","11.38","11.56","11.19","11.38","49200","2022","05","19","Wednesday"
"PVP","2022-05-12","11.38","11.38","10.17","10.64","115110","2022","05","19","Thursday"
"PVP","2022-05-13","10.27","10.82","9.34","9.71","281520","2022","05","19","Friday"
"PVP","2022-05-16","9.71","10.64","9.71","10.08","172810","2022","05","20","Monday"
"PVP","2022-05-17","10.17","10.91","10.17","10.91","287300","2022","05","20","Tuesday"
"PVP","2022-05-18","10.73","11.1","10.64","10.82","75500","2022","05","20","Wednesday"
"PVP","2022-05-19","10.82","10.82","10.36","10.82","133200","2022","05","20","Thursday"
"PVP","2022-05-20","10.82","10.82","9.99","10.64","88665","2022","05","20","Friday"
"PVP","2022-05-23","10.73","10.73","10.36","10.54","172200","2022","05","21","Monday"
"PVP","2022-05-24","10.36","10.45","10.08","10.27","144200","2022","05","21","Tuesday"
"PVP","2022-05-25","10.36","10.82","10.27","10.64","149700","2022","05","21","Wednesday"
"PVP","2022-05-26","10.64","10.82","10.54","10.64","177300","2022","05","21","Thursday"
"PVP","2022-05-27","10.73","10.82","10.54","10.73","124900","2022","05","21","Friday"
"PVP","2022-05-30","10.82","11.84","10.73","11.56","325900","2022","05","22","Monday"
"PVP","2022-05-31","11.56","11.75","11.38","11.65","141700","2022","05","22","Tuesday"
"PVP","2022-06-01","11.47","11.84","11.28","11.75","247860","2022","06","22","Wednesday"
"PVP","2022-06-02","11.19","11.65","11.1","11.19","213900","2022","06","22","Thursday"
"PVP","2022-06-03","11.19","11.28","11.19","11.28","77716","2022","06","22","Friday"
"PVP","2022-06-06","11.38","12.12","11.28","11.75","322024","2022","06","23","Monday"
"PVP","2022-06-07","11.56","11.84","11.19","11.65","187243","2022","06","23","Tuesday"
"PVP","2022-06-08","11.65","12.3","11.65","12.02","287316","2022","06","23","Wednesday"
"PVP","2022-06-09","12.12","12.21","11.84","11.84","220985","2022","06","23","Thursday"
"PVP","2022-06-10","11.93","11.93","11.38","11.56","245300","2022","06","23","Friday"
"PVP","2022-06-13","11.28","11.28","10.36","10.73","254300","2022","06","24","Monday"
"PVP","2022-06-14","10.73","11.38","10.54","11.38","157116","2022","06","24","Tuesday"
"PVP","2022-06-15","11.38","11.38","10.73","10.91","125100","2022","06","24","Wednesday"
"PVP","2022-06-16","11.01","11.38","11.01","11.19","135000","2022","06","24","Thursday"
"PVP","2022-06-17","10.82","11.1","10.54","10.73","261320","2022","06","24","Friday"
"PVP","2022-06-20","10.91","10.91","10.08","10.27","182505","2022","06","25","Monday"
"PVP","2022-06-21","10.17","10.36","9.9","10.27","121600","2022","06","25","Tuesday"
"PVP","2022-06-22","10.27","10.27","9.71","9.9","126500","2022","06","25","Wednesday"
"PVP","2022-06-23","9.62","10.64","9.62","10.64","107700","2022","06","25","Thursday"
"PVP","2022-06-24","10.64","10.64","10.36","10.36","33300","2022","06","25","Friday"
"PVP","2022-06-27","10.54","10.73","10.45","10.54","73422","2022","06","26","Monday"
"PVP","2022-06-28","10.64","10.73","10.45","10.73","119100","2022","06","26","Tuesday"
"PVP","2022-06-29","10.64","11.01","10.45","10.91","176100","2022","06","26","Wednesday"
"PVP","2022-06-30","10.82","11.19","10.73","10.82","153300","2022","06","26","Thursday"
"PVP","2022-07-01","10.91","10.91","10.64","10.91","42000","2022","07","26","Friday"
"PVP","2022-07-04","10.73","10.91","10.73","10.82","19200","2022","07","27","Monday"
"PVP","2022-07-05","10.91","10.91","10.54","10.73","138900","2022","07","27","Tuesday"
"PVP","2022-07-06","10.64","10.64","10.17","10.54","90400","2022","07","27","Wednesday"
"PVP","2022-07-07","10.45","10.45","10.27","10.45","39312","2022","07","27","Thursday"
"PVP","2022-07-08","10.54","10.73","10.54","10.64","33000","2022","07","27","Friday"
"PVP","2022-07-11","10.45","10.54","10.27","10.36","84900","2022","07","28","Monday"
"PVP","2022-07-12","10.54","11.01","10.36","10.91","175912","2022","07","28","Tuesday"
"PVP","2022-07-13","10.91","11.01","10.73","10.82","48000","2022","07","28","Wednesday"
"PVP","2022-07-14","10.82","10.91","10.64","10.91","23300","2022","07","28","Thursday"
"PVP","2022-07-15","10.82","10.82","10.54","10.64","89010","2022","07","28","Friday"
"PVP","2022-07-18","10.73","10.82","10.45","10.64","187831","2022","07","29","Monday"
"PVP","2022-07-19","10.64","10.82","10.54","10.73","106215","2022","07","29","Tuesday"
"PVP","2022-07-20","10.73","10.82","10.73","10.73","113117","2022","07","29","Wednesday"
"PVP","2022-07-21","10.73","10.73","10.54","10.64","79400","2022","07","29","Thursday"
"PVP","2022-07-22","10.64","10.73","10.54","10.54","83800","2022","07","29","Friday"
"PVP","2022-07-25","10.54","10.64","10.45","10.45","77900","2022","07","30","Monday"
"PVP","2022-07-26","10.54","10.54","10.36","10.54","106600","2022","07","30","Tuesday"
"PVP","2022-07-27","10.36","10.64","10.36","10.45","66600","2022","07","30","Wednesday"
"PVP","2022-07-28","10.45","10.64","10.45","10.54","98800","2022","07","30","Thursday"
"PVP","2022-07-29","10.54","10.54","10.45","10.54","36200","2022","07","30","Friday"
"PVP","2022-08-01","10.73","10.73","10.54","10.73","94260","2022","08","31","Monday"
"PVP","2022-08-02","10.64","10.82","10.54","10.82","100345","2022","08","31","Tuesday"
"PVP","2022-08-03","10.91","11.28","10.73","11.28","233900","2022","08","31","Wednesday"
"PVP","2022-08-04","11.1","11.65","11.1","11.28","243217","2022","08","31","Thursday"
"PVP","2022-08-05","11.28","11.65","11.19","11.56","149200","2022","08","31","Friday"
"PVP","2022-08-08","11.56","11.56","11.38","11.47","131574","2022","08","32","Monday"
"PVP","2022-08-09","11.38","11.84","11.38","11.75","230429","2022","08","32","Tuesday"
"PVP","2022-08-10","11.56","11.93","11.56","11.75","131300","2022","08","32","Wednesday"
"PVP","2022-08-11","11.75","12.02","11.56","11.56","188800","2022","08","32","Thursday"
"PVP","2022-08-12","11.65","11.65","11.47","11.56","98000","2022","08","32","Friday"
"PVP","2022-08-15","11.56","11.65","11.47","11.56","48700","2022","08","33","Monday"
"PVP","2022-08-16","11.47","11.65","11.47","11.47","72160","2022","08","33","Tuesday"
"PVP","2022-08-17","11.56","11.65","11.47","11.56","85100","2022","08","33","Wednesday"
"PVP","2022-08-18","11.56","11.75","11.47","11.56","110510","2022","08","33","Thursday"
"PVP","2022-08-19","11.65","11.75","11.56","11.56","140329","2022","08","33","Friday"
"PVP","2022-08-22","11.56","11.65","11.56","11.65","135811","2022","08","34","Monday"
"PVP","2022-08-23","11.65","12.21","11.65","12.12","353724","2022","08","34","Tuesday"
"PVP","2022-08-24","12.3","12.3","12.12","12.21","164300","2022","08","34","Wednesday"
"PVP","2022-08-25","12.21","12.76","12.21","12.76","262700","2022","08","34","Thursday"
"PVP","2022-08-26","12.76","12.86","12.3","12.58","275100","2022","08","34","Friday"
"PVP","2022-08-29","12.49","12.58","11.93","12.58","308800","2022","08","35","Monday"
"PVP","2022-08-30","12.58","12.86","12.49","12.58","183000","2022","08","35","Tuesday"
"PVP","2022-08-31","12.49","12.86","12.49","12.76","124600","2022","08","35","Wednesday"
"PVP","2022-09-05","12.76","13.13","12.67","12.86","141400","2022","09","36","Monday"
"PVP","2022-09-06","12.76","12.76","12.39","12.67","182400","2022","09","36","Tuesday"
"PVP","2022-09-07","12.86","12.86","12.12","12.12","291500","2022","09","36","Wednesday"
"PVP","2022-09-08","12.02","12.49","12.02","12.21","98200","2022","09","36","Thursday"
"PVP","2022-09-09","12.21","12.49","12.02","12.49","161000","2022","09","36","Friday"
"PVP","2022-09-12","12.3","12.58","12.21","12.3","50900","2022","09","37","Monday"
"PVP","2022-09-13","12.49","12.49","12.3","12.3","44500","2022","09","37","Tuesday"
"PVP","2022-09-14","12.3","12.39","12.02","12.39","153100","2022","09","37","Wednesday"
"PVP","2022-09-15","12.21","12.58","12.02","12.49","135900","2022","09","37","Thursday"
"PVP","2022-09-16","12.39","12.39","12.21","12.39","125300","2022","09","37","Friday"
"PVP","2022-09-19","12.3","12.3","11.7","11.8","86900","2022","09","38","Monday"
"PVP","2022-09-20","12.4","12.4","11.7","11.9","128200","2022","09","38","Tuesday"
"PVP","2022-09-21","11.2","12","11.2","11.8","102100","2022","09","38","Wednesday"
"PVP","2022-09-22","11.8","11.9","11.7","11.9","30200","2022","09","38","Thursday"
"PVP","2022-09-23","11.9","11.9","11.7","11.7","75700","2022","09","38","Friday"
"PVP","2022-09-26","11.6","11.6","11.1","11.3","79800","2022","09","39","Monday"
"PVP","2022-09-27","11.3","11.9","11.3","11.5","57900","2022","09","39","Tuesday"
"PVP","2022-09-28","11.8","11.8","11.4","11.6","88500","2022","09","39","Wednesday"
"PVP","2022-09-29","11.7","11.7","11.4","11.5","96200","2022","09","39","Thursday"
"PVP","2022-09-30","11.2","11.6","11.2","11.6","149600","2022","09","39","Friday"
"PVP","2022-10-03","11.6","11.6","11.2","11.4","102800","2022","10","40","Monday"
"PVP","2022-10-04","11.4","11.4","11.2","11.2","126700","2022","10","40","Tuesday"
"PVP","2022-10-05","11.4","11.5","11.3","11.5","84100","2022","10","40","Wednesday"
"PVP","2022-10-06","11.4","11.4","11","11.2","36600","2022","10","40","Thursday"
"PVP","2022-10-07","11.2","11.4","10","10.4","177700","2022","10","40","Friday"
"PVP","2022-10-10","10.9","10.9","10.5","10.8","61800","2022","10","41","Monday"
"PVP","2022-10-11","10.7","10.7","9.7","9.9","334400","2022","10","41","Tuesday"
"PVP","2022-10-12","10","10.5","10","10.4","150800","2022","10","41","Wednesday"
"PVP","2022-10-13","10.8","10.8","10.5","10.6","64400","2022","10","41","Thursday"
"PVP","2022-10-14","10.8","11.2","10.7","11","107700","2022","10","41","Friday"
"PVP","2022-10-17","10.9","11.2","10.8","11.2","159800","2022","10","42","Monday"
"PVP","2022-10-18","11.3","11.7","11.3","11.4","282900","2022","10","42","Tuesday"
"PVP","2022-10-19","11.5","11.6","11.2","11.2","71600","2022","10","42","Wednesday"
"PVP","2022-10-20","11.6","11.6","11.1","11.1","35100","2022","10","42","Thursday"
"PVP","2022-10-21","11.2","11.2","10.5","10.6","112400","2022","10","42","Friday"
"PVP","2022-10-24","10.8","10.8","10","10.2","272000","2022","10","43","Monday"
"PVP","2022-10-25","10.2","10.5","9.7","10.1","269900","2022","10","43","Tuesday"
"PVP","2022-10-26","10.2","10.3","9.7","9.7","94500","2022","10","43","Wednesday"
"PVP","2022-10-27","10","10.4","9.8","10.3","159400","2022","10","43","Thursday"
"PVP","2022-10-28","10.3","10.5","10.1","10.3","101500","2022","10","43","Friday"
"PVP","2022-10-31","10.3","10.3","10","10","80300","2022","10","44","Monday"
"PVP","2022-11-01","10.2","10.3","10","10","135800","2022","11","44","Tuesday"
"PVP","2022-11-02","10.1","10.2","10","10","83600","2022","11","44","Wednesday"
"PVP","2022-11-03","10","10.1","9.9","10","65200","2022","11","44","Thursday"
"PVP","2022-11-04","10","10","9.7","9.9","146000","2022","11","44","Friday"
"PVP","2022-11-07","9.9","9.9","9.4","9.4","63900","2022","11","45","Monday"
"PVP","2022-11-08","9.5","9.6","9.3","9.4","93200","2022","11","45","Tuesday"
"PVP","2022-11-09","9.6","9.6","9.4","9.4","26900","2022","11","45","Wednesday"
"PVP","2022-11-10","9.3","9.3","8.3","8.6","154700","2022","11","45","Thursday"
"PVP","2022-11-11","8.6","9.2","8.6","8.6","51400","2022","11","45","Friday"
"PVP","2022-11-14","8.6","8.7","7.7","8","114800","2022","11","46","Monday"
"PVP","2022-11-15","8","8","6.9","6.9","585300","2022","11","46","Tuesday"
"PVP","2022-11-16","7","7.8","6.5","7.6","163400","2022","11","46","Wednesday"
"PVP","2022-11-17","7.8","8.2","7.5","7.9","163100","2022","11","46","Thursday"
"PVP","2022-11-18","7.9","8","7.4","7.9","115700","2022","11","46","Friday"
"PVP","2022-11-21","8","8.2","7.8","7.9","88800","2022","11","47","Monday"
"PVP","2022-11-22","7.9","8.6","7.7","8.2","127700","2022","11","47","Tuesday"
"PVP","2022-11-23","8.4","8.5","8.2","8.2","48500","2022","11","47","Wednesday"
"PVP","2022-11-24","8.3","8.6","8","8.3","37600","2022","11","47","Thursday"
"PVP","2022-11-25","8.2","8.6","8.1","8.5","44100","2022","11","47","Friday"
"PVP","2022-11-28","8.6","9.3","8.5","9.2","229800","2022","11","48","Monday"
"PVP","2022-11-29","9.1","9.4","8.9","9.4","143500","2022","11","48","Tuesday"
"PVP","2022-11-30","9.4","9.6","9.3","9.5","82900","2022","11","48","Wednesday"
"PVP","2022-12-01","9.4","10","9.4","9.7","196200","2022","12","48","Thursday"
"PVP","2022-12-02","9.7","10.5","9.4","10.2","242700","2022","12","48","Friday"
"PVP","2022-12-05","10.4","10.6","10.1","10.1","175700","2022","12","49","Monday"
"PVP","2022-12-06","10.3","10.3","9.9","10.1","174200","2022","12","49","Tuesday"
"PVP","2022-12-07","10.1","10.1","9.8","10.1","77800","2022","12","49","Wednesday"
"PVP","2022-12-08","10.1","10.2","10","10.1","60300","2022","12","49","Thursday"
"PVP","2022-12-09","10.1","10.1","9.9","10","146100","2022","12","49","Friday"
"PVP","2022-12-12","10","10.5","10","10.1","132100","2022","12","50","Monday"
"PVP","2022-12-13","10.1","10.2","10","10","128900","2022","12","50","Tuesday"
"PVP","2022-12-14","10.1","10.4","10.1","10.3","72300","2022","12","50","Wednesday"
"PVP","2022-12-15","10.3","10.3","10","10.1","45600","2022","12","50","Thursday"
"PVP","2022-12-16","10.2","10.3","9.9","9.9","70400","2022","12","50","Friday"
"PVP","2022-12-19","10.1","10.4","10","10.1","172400","2022","12","51","Monday"
"PVP","2022-12-20","10.2","10.2","9.8","10.1","159100","2022","12","51","Tuesday"
"PVP","2022-12-21","10.2","10.4","9.9","10.1","141200","2022","12","51","Wednesday"
"PVP","2022-12-22","10.2","10.2","9.9","10","62900","2022","12","51","Thursday"
"PVP","2022-12-23","10.1","10.2","9.9","10","105800","2022","12","51","Friday"
"PVP","2022-12-26","10","10.2","9.4","9.8","149600","2022","12","52","Monday"
"PVP","2022-12-27","9.8","10.2","9.6","10","126600","2022","12","52","Tuesday"
"PVP","2022-12-28","10.2","11.5","10.2","11.5","413300","2022","12","52","Wednesday"
"PVP","2022-12-29","12.1","12.5","11.5","11.7","240900","2022","12","52","Thursday"
"PVP","2022-12-30","11.9","13.7","11.5","13.7","752100","2022","12","52","Friday"
"PVP","2023-01-03","13.7","13.7","12.3","13","260200","2023","01","1","Tuesday"
"PVP","2023-01-04","13","13.5","12.9","13.2","311900","2023","01","1","Wednesday"
"PVP","2023-01-05","13.2","13.3","12.7","12.8","318900","2023","01","1","Thursday"
"PVP","2023-01-06","12.6","13.1","12.2","12.9","357800","2023","01","1","Friday"
"PVP","2023-01-17","12.4","12.4","12.4","12.4","34000","2023","01","3","Tuesday"
"PVP","2023-01-18","13.25","13.25","13.25","13.25","95700","2023","01","3","Wednesday"
"PVP","2023-01-19","13.9","13.9","13.25","13.3","372000","2023","01","3","Thursday"
"PVP","2023-01-27","13.35","13.8","13","13.15","282800","2023","01","4","Friday"
"PVP","2023-01-30","13.3","13.3","12.65","12.65","590800","2023","01","5","Monday"
"PVP","2023-01-31","12.35","12.9","12.35","12.6","191400","2023","01","5","Tuesday"
"PVP","2023-02-01","12.75","12.75","12","12","369700","2023","02","5","Wednesday"
"PVP","2023-02-02","12","12","11.4","11.6","325500","2023","02","5","Thursday"
"PVP","2023-02-03","11.6","12.15","11.6","11.8","86300","2023","02","5","Friday"
"PVP","2023-02-06","11.8","11.8","11.5","11.7","75900","2023","02","6","Monday"
"PVP","2023-02-07","11.65","11.75","11.4","11.4","85300","2023","02","6","Tuesday"
"PVP","2023-02-08","11.4","11.55","11.25","11.5","104900","2023","02","6","Wednesday"
"PVP","2023-02-09","11.6","11.75","11.5","11.75","90800","2023","02","6","Thursday"
"PVP","2023-02-10","11.75","11.8","11.45","11.45","90300","2023","02","6","Friday"
"PVP","2023-02-13","11.65","11.65","11.05","11.2","82800","2023","02","7","Monday"
"PVP","2023-02-14","11.3","11.4","11","11.25","37900","2023","02","7","Tuesday"
"PVP","2023-02-15","11.25","11.7","11.1","11.7","94400","2023","02","7","Wednesday"
"PVP","2023-02-16","11.75","12.15","11.6","12","154800","2023","02","7","Thursday"
"PVP","2023-02-17","12","12","11.75","12","65900","2023","02","7","Friday"
